ISO-10303-21;
HEADER;
/* Generated by software containing ST-Developer
 * from STEP Tools, Inc. (www.steptools.com) 
 */

FILE_DESCRIPTION(
/* description */ (''),
/* implementation_level */ '2;1');

FILE_NAME(
/* name */ '/Users/cmandrycky/Downloads/MotoStyleShell-blank.step',
/* time_stamp */ '2016-12-15T08:19:53-08:00',
/* author */ (''),
/* organization */ (''),
/* preprocessor_version */ 'ST-DEVELOPER v16.5',
/* originating_system */ 'Autodesk Translation Framework v5.2.0.2920',
/* authorisation */ '');

FILE_SCHEMA (('AUTOMOTIVE_DESIGN { 1 0 10303 214 3 1 1 }'));
ENDSEC;

DATA;
#10=MECHANICAL_DESIGN_GEOMETRIC_PRESENTATION_REPRESENTATION('',(#76,#81,
#73,#80,#79,#70,#75,#72,#77,#74,#71,#78),#2227);
#11=SHAPE_REPRESENTATION_RELATIONSHIP('SRR','None',#2233,#12);
#12=ADVANCED_BREP_SHAPE_REPRESENTATION('',(#13),#2226);
#13=MANIFOLD_SOLID_BREP('Body3',#420);
#14=(
BOUNDED_CURVE()
B_SPLINE_CURVE(2,(#897,#898,#899,#900,#901,#902,#903,#904,#905,#906,#907,
#908,#909,#910,#911,#912,#913),.UNSPECIFIED.,.F.,.F.)
B_SPLINE_CURVE_WITH_KNOTS((3,1,1,1,1,1,1,1,1,1,1,1,1,1,1,3),(0.00582724532798801,
0.276390293383977,0.537363932081767,0.783326691553869,1.01430212628348,
1.23032928138689,1.43146380995518,1.61777982602319,1.78937219359112,1.94635939442607,
2.08888716315468,2.21713314134713,2.33131288843727,2.43168770290705,2.51857485762073,
2.8089810929173),.UNSPECIFIED.)
CURVE()
GEOMETRIC_REPRESENTATION_ITEM()
RATIONAL_B_SPLINE_CURVE((0.999939957858588,0.998548956355722,0.996344878769284,
0.994729099888187,0.993640134149502,0.99299902739519,0.992731971654042,
0.99277038620025,0.993050985663069,0.993515836582061,0.994112402795913,
0.994793580375705,0.995517723184826,0.99624866058342,0.99695570928816,0.998500761612197,
1.))
REPRESENTATION_ITEM('')
);
#15=(
BOUNDED_CURVE()
B_SPLINE_CURVE(5,(#1701,#1702,#1703,#1704,#1705,#1706,#1707,#1708,#1709,
#1710,#1711,#1712,#1713,#1714,#1715,#1716,#1717,#1718,#1719,#1720,#1721,
#1722,#1723,#1724,#1725,#1726,#1727,#1728,#1729,#1730,#1731,#1732,#1733,
#1734,#1735,#1736,#1737,#1738,#1739,#1740,#1741,#1742,#1743,#1744,#1745,
#1746,#1747,#1748,#1749,#1750),.UNSPECIFIED.,.F.,.F.)
B_SPLINE_CURVE_WITH_KNOTS((6,1,1,1,1,1,1,1,1,1,1,1,1,1,1,1,1,1,1,1,1,1,
1,1,1,1,1,1,1,1,1,1,1,1,1,1,1,1,1,1,1,1,1,1,1,6),(-1.,-0.977777777777778,
-0.955555555555556,-0.933333333333334,-0.911111111111111,-0.888888888888889,
-0.866666666666667,-0.844444444444445,-0.822222222222222,-0.8,-0.777777777777778,
-0.755555555555556,-0.733333333333333,-0.711111111111111,-0.688888888888889,
-0.666666666666667,-0.644444444444444,-0.622222222222222,-0.6,-0.577777777777778,
-0.555555555555555,-0.533333333333333,-0.511111111111111,-0.488888888888889,
-0.466666666666666,-0.444444444444444,-0.422222222222222,-0.4,-0.377777777777778,
-0.355555555555555,-0.333333333333333,-0.311111111111111,-0.288888888888889,
-0.266666666666667,-0.244444444444444,-0.222222222222222,-0.2,-0.177777777777778,
-0.155555555555556,-0.133333333333333,-0.111111111111111,-0.0888888888888889,
-0.0666666666666667,-0.0444444444444444,-0.0222222222222222,0.),
 .UNSPECIFIED.)
CURVE()
GEOMETRIC_REPRESENTATION_ITEM()
RATIONAL_B_SPLINE_CURVE((1.,1.,1.,1.,1.,1.,1.,1.,1.,1.,1.,1.,1.,1.,1.,1.,
1.,1.,1.,1.,1.,1.,1.,1.,1.,1.,1.,1.,1.,1.,1.,1.,1.,1.,1.,1.,1.,1.,1.,1.,
1.,1.,1.,1.,1.,1.,1.,1.,1.,1.))
REPRESENTATION_ITEM('')
);
#16=(
BOUNDED_CURVE()
B_SPLINE_CURVE(5,(#1858,#1859,#1860,#1861,#1862,#1863,#1864,#1865,#1866,
#1867,#1868,#1869,#1870,#1871,#1872,#1873,#1874,#1875,#1876,#1877,#1878,
#1879,#1880,#1881,#1882,#1883,#1884,#1885,#1886,#1887,#1888,#1889,#1890,
#1891,#1892,#1893,#1894,#1895,#1896,#1897,#1898,#1899,#1900,#1901,#1902,
#1903,#1904,#1905,#1906,#1907),.UNSPECIFIED.,.F.,.F.)
B_SPLINE_CURVE_WITH_KNOTS((6,1,1,1,1,1,1,1,1,1,1,1,1,1,1,1,1,1,1,1,1,1,
1,1,1,1,1,1,1,1,1,1,1,1,1,1,1,1,1,1,1,1,1,1,1,6),(0.,0.0222222222222222,
0.0444444444444444,0.0666666666666667,0.0888888888888889,0.111111111111111,
0.133333333333333,0.155555555555556,0.177777777777778,0.2,0.222222222222222,
0.244444444444444,0.266666666666667,0.288888888888889,0.311111111111111,
0.333333333333333,0.355555555555555,0.377777777777778,0.4,0.422222222222222,
0.444444444444444,0.466666666666666,0.488888888888889,0.511111111111111,
0.533333333333333,0.555555555555555,0.577777777777778,0.6,0.622222222222222,
0.644444444444444,0.666666666666667,0.688888888888889,0.711111111111111,
0.733333333333333,0.755555555555556,0.777777777777778,0.8,0.822222222222222,
0.844444444444445,0.866666666666667,0.888888888888889,0.911111111111111,
0.933333333333334,0.955555555555556,0.977777777777778,1.),.UNSPECIFIED.)
CURVE()
GEOMETRIC_REPRESENTATION_ITEM()
RATIONAL_B_SPLINE_CURVE((1.,1.,1.,1.,1.,1.,1.,1.,1.,1.,1.,1.,1.,1.,1.,1.,
1.,1.,1.,1.,1.,1.,1.,1.,1.,1.,1.,1.,1.,1.,1.,1.,1.,1.,1.,1.,1.,1.,1.,1.,
1.,1.,1.,1.,1.,1.,1.,1.,1.,1.))
REPRESENTATION_ITEM('')
);
#17=(
BOUNDED_CURVE()
B_SPLINE_CURVE(5,(#2010,#2011,#2012,#2013,#2014,#2015,#2016,#2017,#2018,
#2019,#2020,#2021,#2022,#2023,#2024,#2025,#2026,#2027,#2028,#2029,#2030,
#2031,#2032,#2033,#2034,#2035,#2036,#2037,#2038,#2039,#2040,#2041,#2042,
#2043,#2044,#2045,#2046,#2047,#2048,#2049,#2050,#2051,#2052,#2053,#2054,
#2055,#2056,#2057,#2058,#2059),.UNSPECIFIED.,.F.,.F.)
B_SPLINE_CURVE_WITH_KNOTS((6,1,1,1,1,1,1,1,1,1,1,1,1,1,1,1,1,1,1,1,1,1,
1,1,1,1,1,1,1,1,1,1,1,1,1,1,1,1,1,1,1,1,1,1,1,6),(-1.,-0.977777777777778,
-0.955555555555556,-0.933333333333334,-0.911111111111111,-0.888888888888889,
-0.866666666666667,-0.844444444444445,-0.822222222222222,-0.8,-0.777777777777778,
-0.755555555555556,-0.733333333333333,-0.711111111111111,-0.688888888888889,
-0.666666666666667,-0.644444444444444,-0.622222222222222,-0.6,-0.577777777777778,
-0.555555555555555,-0.533333333333333,-0.511111111111111,-0.488888888888889,
-0.466666666666666,-0.444444444444444,-0.422222222222222,-0.4,-0.377777777777778,
-0.355555555555555,-0.333333333333333,-0.311111111111111,-0.288888888888889,
-0.266666666666667,-0.244444444444444,-0.222222222222222,-0.2,-0.177777777777778,
-0.155555555555556,-0.133333333333333,-0.111111111111111,-0.0888888888888889,
-0.0666666666666667,-0.0444444444444444,-0.0222222222222222,0.),
 .UNSPECIFIED.)
CURVE()
GEOMETRIC_REPRESENTATION_ITEM()
RATIONAL_B_SPLINE_CURVE((1.,1.,1.,1.,1.,1.,1.,1.,1.,1.,1.,1.,1.,1.,1.,1.,
1.,1.,1.,1.,1.,1.,1.,1.,1.,1.,1.,1.,1.,1.,1.,1.,1.,1.,1.,1.,1.,1.,1.,1.,
1.,1.,1.,1.,1.,1.,1.,1.,1.,1.))
REPRESENTATION_ITEM('')
);
#18=(
BOUNDED_CURVE()
B_SPLINE_CURVE(5,(#2170,#2171,#2172,#2173,#2174,#2175,#2176,#2177,#2178,
#2179,#2180,#2181,#2182,#2183,#2184,#2185,#2186,#2187,#2188,#2189,#2190,
#2191,#2192,#2193,#2194,#2195,#2196,#2197,#2198,#2199,#2200,#2201,#2202,
#2203,#2204,#2205,#2206,#2207,#2208,#2209,#2210,#2211,#2212,#2213,#2214,
#2215),.UNSPECIFIED.,.F.,.F.)
B_SPLINE_CURVE_WITH_KNOTS((6,1,1,1,1,1,1,1,1,1,1,1,1,1,1,1,1,1,1,1,1,1,
1,1,1,1,1,1,1,1,1,1,1,1,1,1,1,1,1,1,1,6),(0.103972088696028,0.111111111111111,
0.133333333333333,0.155555555555556,0.177777777777778,0.2,0.222222222222222,
0.244444444444444,0.266666666666667,0.288888888888889,0.311111111111111,
0.333333333333333,0.355555555555555,0.377777777777778,0.4,0.422222222222222,
0.444444444444444,0.466666666666666,0.488888888888889,0.511111111111111,
0.533333333333333,0.555555555555555,0.577777777777778,0.6,0.622222222222222,
0.644444444444444,0.666666666666667,0.688888888888889,0.711111111111111,
0.733333333333333,0.755555555555556,0.777777777777778,0.8,0.822222222222222,
0.844444444444445,0.866666666666667,0.888888888888889,0.911111111111111,
0.933333333333334,0.955555555555556,0.977777777777778,1.),.UNSPECIFIED.)
CURVE()
GEOMETRIC_REPRESENTATION_ITEM()
RATIONAL_B_SPLINE_CURVE((1.,1.,1.,1.,1.,1.,1.,1.,1.,1.,1.,1.,1.,1.,1.,1.,
1.,1.,1.,1.,1.,1.,1.,1.,1.,1.,1.,1.,1.,1.,1.,1.,1.,1.,1.,1.,1.,1.,1.,1.,
1.,1.,1.,1.,1.,1.))
REPRESENTATION_ITEM('')
);
#19=B_SPLINE_SURFACE_WITH_KNOTS('',3,3,((#617,#618,#619,#620,#621,#622,
#623,#624,#625,#626,#627,#628,#629,#630,#631,#632,#633,#634,#635,#636,#637,
#638,#639,#640,#641,#642,#643,#644,#645,#646,#647,#648,#649,#650,#651,#652,
#653,#654),(#655,#656,#657,#658,#659,#660,#661,#662,#663,#664,#665,#666,
#667,#668,#669,#670,#671,#672,#673,#674,#675,#676,#677,#678,#679,#680,#681,
#682,#683,#684,#685,#686,#687,#688,#689,#690,#691,#692),(#693,#694,#695,
#696,#697,#698,#699,#700,#701,#702,#703,#704,#705,#706,#707,#708,#709,#710,
#711,#712,#713,#714,#715,#716,#717,#718,#719,#720,#721,#722,#723,#724,#725,
#726,#727,#728,#729,#730),(#731,#732,#733,#734,#735,#736,#737,#738,#739,
#740,#741,#742,#743,#744,#745,#746,#747,#748,#749,#750,#751,#752,#753,#754,
#755,#756,#757,#758,#759,#760,#761,#762,#763,#764,#765,#766,#767,#768),
(#769,#770,#771,#772,#773,#774,#775,#776,#777,#778,#779,#780,#781,#782,
#783,#784,#785,#786,#787,#788,#789,#790,#791,#792,#793,#794,#795,#796,#797,
#798,#799,#800,#801,#802,#803,#804,#805,#806)),.UNSPECIFIED.,.F.,.F.,.F.,
(4,1,4),(4,2,1,1,1,1,1,1,1,1,1,1,1,1,1,1,1,1,1,1,1,1,1,1,1,1,1,1,1,1,1,
1,2,4),(0.,0.571428571428571,1.),(-0.00254438545095725,0.,0.0693205528907326,
0.138641105781465,0.173301382226832,0.27728221156293,0.294612349785614,
0.311942488008297,0.346602764453663,0.381263040899029,0.415923317344396,
0.485243870235128,0.554564423125861,0.623884976016594,0.693205528907326,
0.831846634688791,0.901167187579524,0.970487740470257,1.10912884625172,
1.38641105781465,1.66369326937758,1.94097548094051,2.21825769250344,2.35689879828491,
2.49553990406637,2.63418100984784,2.7728221156293,3.05010432719224,3.32738653875517,
3.46602764453663,3.6046687503181,3.74330985609956,3.88195096188103,3.88319908526372),
 .UNSPECIFIED.);
#20=B_SPLINE_SURFACE_WITH_KNOTS('',3,3,((#916,#917,#918,#919,#920,#921,
#922,#923,#924,#925,#926,#927,#928,#929,#930,#931,#932,#933,#934,#935,#936,
#937,#938,#939,#940,#941,#942,#943,#944,#945,#946,#947,#948,#949,#950,#951,
#952),(#953,#954,#955,#956,#957,#958,#959,#960,#961,#962,#963,#964,#965,
#966,#967,#968,#969,#970,#971,#972,#973,#974,#975,#976,#977,#978,#979,#980,
#981,#982,#983,#984,#985,#986,#987,#988,#989),(#990,#991,#992,#993,#994,
#995,#996,#997,#998,#999,#1000,#1001,#1002,#1003,#1004,#1005,#1006,#1007,
#1008,#1009,#1010,#1011,#1012,#1013,#1014,#1015,#1016,#1017,#1018,#1019,
#1020,#1021,#1022,#1023,#1024,#1025,#1026),(#1027,#1028,#1029,#1030,#1031,
#1032,#1033,#1034,#1035,#1036,#1037,#1038,#1039,#1040,#1041,#1042,#1043,
#1044,#1045,#1046,#1047,#1048,#1049,#1050,#1051,#1052,#1053,#1054,#1055,
#1056,#1057,#1058,#1059,#1060,#1061,#1062,#1063),(#1064,#1065,#1066,#1067,
#1068,#1069,#1070,#1071,#1072,#1073,#1074,#1075,#1076,#1077,#1078,#1079,
#1080,#1081,#1082,#1083,#1084,#1085,#1086,#1087,#1088,#1089,#1090,#1091,
#1092,#1093,#1094,#1095,#1096,#1097,#1098,#1099,#1100)),.UNSPECIFIED.,.F.,
 .F.,.F.,(4,1,4),(4,2,1,1,1,1,1,1,1,1,1,1,1,1,1,1,1,1,1,1,1,1,1,1,1,1,1,
1,1,1,1,2,4),(0.,0.571428571428571,1.),(-0.00254397398201956,0.,0.0485243870235125,
0.097048774047025,0.19409754809405,0.206228644849928,0.242621935117562,
0.291146322141075,0.339670709164588,0.3881950961881,0.436719483211612,0.485243870235125,
0.58229264428215,0.630817031305662,0.679341418329175,0.7763901923762,0.97048774047025,
1.1645852885643,1.35868283665835,1.5527803847524,1.74687793284645,1.9409754809405,
2.13507302903455,2.3291705771286,2.52326812522265,2.7173656733167,2.91146322141075,
3.1055607695048,3.29965831759885,3.4937558656929,3.68785341378695,3.881950961881,
3.88319918248456),.UNSPECIFIED.);
#21=B_SPLINE_SURFACE_WITH_KNOTS('',3,3,((#1173,#1174,#1175,#1176,#1177,
#1178,#1179,#1180,#1181,#1182,#1183,#1184,#1185,#1186,#1187,#1188,#1189,
#1190,#1191,#1192,#1193,#1194,#1195,#1196,#1197,#1198,#1199,#1200),(#1201,
#1202,#1203,#1204,#1205,#1206,#1207,#1208,#1209,#1210,#1211,#1212,#1213,
#1214,#1215,#1216,#1217,#1218,#1219,#1220,#1221,#1222,#1223,#1224,#1225,
#1226,#1227,#1228),(#1229,#1230,#1231,#1232,#1233,#1234,#1235,#1236,#1237,
#1238,#1239,#1240,#1241,#1242,#1243,#1244,#1245,#1246,#1247,#1248,#1249,
#1250,#1251,#1252,#1253,#1254,#1255,#1256),(#1257,#1258,#1259,#1260,#1261,
#1262,#1263,#1264,#1265,#1266,#1267,#1268,#1269,#1270,#1271,#1272,#1273,
#1274,#1275,#1276,#1277,#1278,#1279,#1280,#1281,#1282,#1283,#1284),(#1285,
#1286,#1287,#1288,#1289,#1290,#1291,#1292,#1293,#1294,#1295,#1296,#1297,
#1298,#1299,#1300,#1301,#1302,#1303,#1304,#1305,#1306,#1307,#1308,#1309,
#1310,#1311,#1312),(#1313,#1314,#1315,#1316,#1317,#1318,#1319,#1320,#1321,
#1322,#1323,#1324,#1325,#1326,#1327,#1328,#1329,#1330,#1331,#1332,#1333,
#1334,#1335,#1336,#1337,#1338,#1339,#1340)),.UNSPECIFIED.,.F.,.F.,.F.,(4,
1,1,4),(4,2,1,1,1,1,1,1,1,1,1,1,1,1,1,1,1,1,1,1,1,1,1,1,4),(0.,0.285714285714286,
0.571428571428571,1.),(-0.00670849143396079,0.,0.0704289259651414,0.140857851930283,
0.281715703860566,0.352144629825707,0.387359092808278,0.422573555790849,
0.49300248175599,0.528216944738561,0.563431407721131,0.598645870703702,
0.633860333686273,0.704289259651414,0.774718185616556,0.845147111581697,
0.98600496351198,1.12686281544226,1.40857851930283,1.69029422316339,2.25372563088453,
2.53544133474509,2.81715703860566,3.38058844632679,3.94401985404792),
 .UNSPECIFIED.);
#22=B_SPLINE_SURFACE_WITH_KNOTS('',3,3,((#1409,#1410,#1411,#1412,#1413,
#1414,#1415,#1416,#1417,#1418,#1419,#1420,#1421,#1422,#1423,#1424,#1425,
#1426,#1427,#1428,#1429,#1430,#1431,#1432,#1433,#1434,#1435),(#1436,#1437,
#1438,#1439,#1440,#1441,#1442,#1443,#1444,#1445,#1446,#1447,#1448,#1449,
#1450,#1451,#1452,#1453,#1454,#1455,#1456,#1457,#1458,#1459,#1460,#1461,
#1462),(#1463,#1464,#1465,#1466,#1467,#1468,#1469,#1470,#1471,#1472,#1473,
#1474,#1475,#1476,#1477,#1478,#1479,#1480,#1481,#1482,#1483,#1484,#1485,
#1486,#1487,#1488,#1489),(#1490,#1491,#1492,#1493,#1494,#1495,#1496,#1497,
#1498,#1499,#1500,#1501,#1502,#1503,#1504,#1505,#1506,#1507,#1508,#1509,
#1510,#1511,#1512,#1513,#1514,#1515,#1516),(#1517,#1518,#1519,#1520,#1521,
#1522,#1523,#1524,#1525,#1526,#1527,#1528,#1529,#1530,#1531,#1532,#1533,
#1534,#1535,#1536,#1537,#1538,#1539,#1540,#1541,#1542,#1543)),
 .UNSPECIFIED.,.F.,.F.,.F.,(4,1,4),(4,1,1,1,1,1,1,1,1,1,1,1,1,1,1,1,1,1,
1,1,1,1,1,1,4),(0.,0.571428571428571,1.),(-5.21792259326913E-18,0.0672541734110312,
0.134508346822062,0.168135433527578,0.201762520233094,0.235389606938609,
0.269016693644125,0.336270867055156,0.369897953760672,0.38671149711343,
0.403525040466187,0.437152127171703,0.470779213877219,0.53803338728825,
0.605287560699281,0.672541734110312,0.739795907521344,0.807050080932375,
1.0760667745765,1.34508346822062,1.61410016186475,1.74860850868681,2.69016693644125,
3.2282003237295,3.76623371101775),.UNSPECIFIED.);
#23=ELLIPSE('',#442,2.00016178855573,2.00000000000071);
#24=ELLIPSE('',#443,2.00112478015028,1.99999999999982);
#25=ELLIPSE('',#444,2.0001617885547,1.99999999999955);
#26=LINE('',#611,#40);
#27=LINE('',#615,#41);
#28=LINE('',#914,#42);
#29=LINE('',#915,#43);
#30=LINE('',#1699,#44);
#31=LINE('',#1751,#45);
#32=LINE('',#1754,#46);
#33=LINE('',#1755,#47);
#34=LINE('',#1857,#48);
#35=LINE('',#2009,#49);
#36=LINE('',#2216,#50);
#37=LINE('',#2219,#51);
#38=LINE('',#2220,#52);
#39=LINE('',#2222,#53);
#40=VECTOR('',#503,10.);
#41=VECTOR('',#506,10.);
#42=VECTOR('',#513,10.);
#43=VECTOR('',#514,10.);
#44=VECTOR('',#515,10.);
#45=VECTOR('',#516,10.);
#46=VECTOR('',#519,10.);
#47=VECTOR('',#520,10.);
#48=VECTOR('',#521,10.);
#49=VECTOR('',#522,10.);
#50=VECTOR('',#545,10.);
#51=VECTOR('',#548,10.);
#52=VECTOR('',#549,10.);
#53=VECTOR('',#552,10.);
#54=B_SPLINE_CURVE_WITH_KNOTS('',3,(#591,#592,#593,#594,#595,#596,#597,
#598,#599,#600,#601,#602),.UNSPECIFIED.,.F.,.F.,(4,2,2,2,2,4),(-0.6062570219981,
-0.60558728180189,-0.536302276843321,-0.461748925911377,-0.396279361146889,
-0.367053686010268),.UNSPECIFIED.);
#55=B_SPLINE_CURVE_WITH_KNOTS('',3,(#809,#810,#811,#812,#813,#814,#815),
 .UNSPECIFIED.,.F.,.F.,(4,3,4),(0.,0.571429016517536,1.00000077890569),
 .UNSPECIFIED.);
#56=B_SPLINE_CURVE_WITH_KNOTS('',3,(#817,#818,#819,#820,#821,#822,#823,
#824,#825,#826,#827,#828,#829,#830,#831,#832,#833,#834,#835,#836,#837,#838,
#839,#840,#841,#842,#843,#844,#845,#846,#847,#848,#849,#850,#851,#852,#853,
#854),.UNSPECIFIED.,.F.,.F.,(4,2,1,1,1,1,1,1,1,1,1,1,1,1,1,1,1,1,1,1,1,
1,1,1,1,1,1,1,1,1,1,1,2,4),(-3.88319908526372,-3.88195096188103,-3.74330985609956,
-3.6046687503181,-3.46602764453663,-3.32738653875517,-3.05010432719224,
-2.7728221156293,-2.63418100984784,-2.49553990406637,-2.35689879828491,
-2.21825769250344,-1.94097548094051,-1.66369326937758,-1.38641105781465,
-1.10912884625172,-0.970487740470257,-0.901167187579524,-0.831846634688791,
-0.693205528907326,-0.623884976016594,-0.554564423125861,-0.485243870235128,
-0.415923317344396,-0.381263040899029,-0.346602764453663,-0.311942488008297,
-0.294612349785614,-0.27728221156293,-0.173301382226832,-0.138641105781465,
-0.0693205528907326,0.,0.00254438545095725),.UNSPECIFIED.);
#57=B_SPLINE_CURVE_WITH_KNOTS('',3,(#857,#858,#859,#860,#861,#862,#863,
#864,#865,#866,#867,#868,#869,#870,#871,#872,#873,#874,#875,#876,#877,#878,
#879,#880,#881,#882,#883,#884,#885,#886,#887,#888,#889,#890,#891,#892,#893,
#894),.UNSPECIFIED.,.F.,.F.,(4,2,1,1,1,1,1,1,1,1,1,1,1,1,1,1,1,1,1,1,1,
1,1,1,1,1,1,1,1,1,1,1,2,4),(-5.93462850452171E-5,0.,0.0693205528907326,
0.138641105781465,0.173301382226832,0.27728221156293,0.294612349785614,
0.311942488008297,0.346602764453663,0.381263040899029,0.415923317344396,
0.485243870235128,0.554564423125861,0.623884976016594,0.693205528907326,
0.831846634688791,0.901167187579524,0.970487740470257,1.10912884625172,
1.38641105781465,1.66369326937758,1.94097548094051,2.21825769250344,2.35689879828491,
2.49553990406637,2.63418100984784,2.7728221156293,3.05010432719224,3.32738653875517,
3.46602764453663,3.6046687503181,3.74330985609956,3.88195096188103,3.88195212655079),
 .UNSPECIFIED.);
#58=B_SPLINE_CURVE_WITH_KNOTS('',3,(#1101,#1102,#1103,#1104,#1105,#1106,
#1107,#1108,#1109,#1110,#1111,#1112,#1113,#1114,#1115,#1116,#1117,#1118,
#1119,#1120,#1121,#1122,#1123,#1124,#1125,#1126,#1127,#1128,#1129,#1130,
#1131,#1132,#1133,#1134,#1135,#1136,#1137),.UNSPECIFIED.,.F.,.F.,(4,2,1,
1,1,1,1,1,1,1,1,1,1,1,1,1,1,1,1,1,1,1,1,1,1,1,1,1,1,1,1,2,4),(-0.0025435625122201,
4.11200412519554E-7,0.0485247930855721,0.0970491749707316,0.194097938741051,
0.206229034212341,0.24262232062621,0.29114670251137,0.339671084396529,0.388195466281689,
0.436719848166848,0.485244230052008,0.582292993822327,0.630817375707487,
0.679341757592646,0.776390521362965,0.970488048903604,1.16458557644424,
1.35868310398488,1.55278063152552,1.74687815906616,1.94097568660679,2.13507321414743,
2.32917074168807,2.52326826922871,2.71736579676935,2.91146332430999,3.10556085185062,
3.29965837939126,3.4937559069319,3.68785343447254,3.88195096201318,3.88319918248456),
 .UNSPECIFIED.);
#59=B_SPLINE_CURVE_WITH_KNOTS('',3,(#1138,#1139,#1140,#1141,#1142,#1143,
#1144,#1145,#1146,#1147,#1148,#1149,#1150,#1151,#1152,#1153,#1154,#1155,
#1156,#1157,#1158,#1159,#1160,#1161,#1162,#1163,#1164,#1165,#1166,#1167,
#1168,#1169,#1170,#1171,#1172),.UNSPECIFIED.,.F.,.F.,(4,1,1,1,1,1,1,1,1,
1,1,1,1,1,1,1,1,1,1,1,1,1,1,1,1,1,1,1,1,1,2,4),(-3.88195098201564,-3.68785343291486,
-3.49375588381408,-3.2996583347133,-3.10556078561252,-2.91146323651175,
-2.71736568741097,-2.52326813831019,-2.32917058920941,-2.13507304010863,
-1.94097549100786,-1.74687794190708,-1.5527803928063,-1.35868284370552,
-1.16458529460474,-0.970487745503965,-0.776390196403187,-0.679341421852798,
-0.630817034577604,-0.582292647302409,-0.48524387275202,-0.436719485476826,
-0.388195098201631,-0.339670710926437,-0.291146323651242,-0.242621936376048,
-0.206228645919652,-0.194097549100853,-0.0970487745504645,-0.04852438727527,
-7.54951656745106E-14,1.4570938044877E-5),.UNSPECIFIED.);
#60=B_SPLINE_CURVE_WITH_KNOTS('',3,(#1343,#1344,#1345,#1346,#1347,#1348,
#1349,#1350,#1351,#1352),.UNSPECIFIED.,.F.,.F.,(4,3,3,4),(0.,0.285714307750347,
0.571428617420592,1.0000000603271),.UNSPECIFIED.);
#61=B_SPLINE_CURVE_WITH_KNOTS('',3,(#1353,#1354,#1355,#1356,#1357,#1358,
#1359,#1360,#1361,#1362,#1363,#1364,#1365,#1366,#1367,#1368,#1369,#1370,
#1371,#1372,#1373,#1374,#1375,#1376,#1377,#1378,#1379,#1380),
 .UNSPECIFIED.,.F.,.F.,(4,1,1,1,1,1,1,1,1,1,1,1,1,1,1,1,1,1,1,1,1,1,1,2,
4),(-3.94367250090292,-3.38058844632679,-2.81715703860566,-2.53544133474509,
-2.25372563088453,-1.69029422316339,-1.40857851930283,-1.12686281544226,
-0.98600496351198,-0.845147111581697,-0.774718185616556,-0.704289259651414,
-0.633860333686273,-0.598645870703702,-0.563431407721131,-0.528216944738561,
-0.49300248175599,-0.422573555790849,-0.387359092808278,-0.352144629825707,
-0.281715703860566,-0.140857851930283,-0.0704289259651414,0.,0.00670849143396079),
 .UNSPECIFIED.);
#62=B_SPLINE_CURVE_WITH_KNOTS('',3,(#1381,#1382,#1383,#1384,#1385,#1386,
#1387,#1388,#1389,#1390,#1391,#1392,#1393,#1394,#1395,#1396,#1397,#1398,
#1399,#1400,#1401,#1402,#1403,#1404,#1405,#1406,#1407,#1408),
 .UNSPECIFIED.,.F.,.F.,(4,2,1,1,1,1,1,1,1,1,1,1,1,1,1,1,1,1,1,1,1,1,1,1,
4),(-0.000671663409383628,0.,0.0704289259651414,0.140857851930283,0.281715703860566,
0.352144629825707,0.387359092808278,0.422573555790849,0.49300248175599,
0.528216944738561,0.563431407721131,0.598645870703702,0.633860333686273,
0.704289259651414,0.774718185616556,0.845147111581697,0.98600496351198,
1.12686281544226,1.40857851930283,1.69029422316339,2.25372563088453,2.53544133474509,
2.81715703860566,3.38058844632679,3.94401985404792),.UNSPECIFIED.);
#63=B_SPLINE_CURVE_WITH_KNOTS('',3,(#1544,#1545,#1546,#1547,#1548,#1549,
#1550,#1551,#1552,#1553,#1554,#1555,#1556,#1557,#1558,#1559,#1560,#1561,
#1562,#1563,#1564,#1565,#1566,#1567,#1568,#1569,#1570),.UNSPECIFIED.,.F.,
 .F.,(4,1,1,1,1,1,1,1,1,1,1,1,1,1,1,1,1,1,1,1,1,1,1,1,4),(-3.76619375042769,
-3.2282003237295,-2.69016693644125,-1.74860850868681,-1.61410016186475,
-1.34508346822062,-1.0760667745765,-0.807050080932375,-0.739795907521344,
-0.672541734110312,-0.605287560699281,-0.53803338728825,-0.470779213877219,
-0.437152127171703,-0.403525040466187,-0.38671149711343,-0.369897953760672,
-0.336270867055156,-0.269016693644125,-0.235389606938609,-0.201762520233094,
-0.168135433527578,-0.134508346822062,-0.0672541734110312,5.21792259326913E-18),
 .UNSPECIFIED.);
#64=B_SPLINE_CURVE_WITH_KNOTS('',3,(#1571,#1572,#1573,#1574,#1575,#1576,
#1577,#1578,#1579,#1580,#1581,#1582,#1583,#1584,#1585,#1586,#1587,#1588,
#1589,#1590,#1591,#1592,#1593,#1594,#1595,#1596,#1597),.UNSPECIFIED.,.F.,
 .F.,(4,1,1,1,1,1,1,1,1,1,1,1,1,1,1,1,1,1,1,1,1,1,1,1,4),(-5.21792259326913E-18,
0.0672541734110312,0.134508346822062,0.168135433527578,0.201762520233094,
0.235389606938609,0.269016693644125,0.336270867055156,0.369897953760672,
0.38671149711343,0.403525040466187,0.437152127171703,0.470779213877219,
0.53803338728825,0.605287560699281,0.672541734110312,0.739795907521344,
0.807050080932375,1.0760667745765,1.34508346822062,1.61410016186475,1.74860850868681,
2.69016693644125,3.2282003237295,3.7658463959474),.UNSPECIFIED.);
#65=(
BOUNDED_SURFACE()
B_SPLINE_SURFACE(2,2,((#580,#581,#582),(#583,#584,#585),(#586,#587,#588)),
 .UNSPECIFIED.,.F.,.F.,.F.)
B_SPLINE_SURFACE_WITH_KNOTS((3,3),(3,3),(-3.14159265358979,-1.5707963267949),
(1.70342936866199,3.1415926535898),.UNSPECIFIED.)
GEOMETRIC_REPRESENTATION_ITEM()
RATIONAL_B_SPLINE_SURFACE(((1.,0.752410962909321,1.),(0.707106781186563,
0.532034894112292,0.707106781186563),(1.,0.752410962909321,1.)))
REPRESENTATION_ITEM('')
SURFACE()
);
#66=(
BOUNDED_SURFACE()
B_SPLINE_SURFACE(5,1,((#1598,#1599),(#1600,#1601),(#1602,#1603),(#1604,
#1605),(#1606,#1607),(#1608,#1609),(#1610,#1611),(#1612,#1613),(#1614,#1615),
(#1616,#1617),(#1618,#1619),(#1620,#1621),(#1622,#1623),(#1624,#1625),(#1626,
#1627),(#1628,#1629),(#1630,#1631),(#1632,#1633),(#1634,#1635),(#1636,#1637),
(#1638,#1639),(#1640,#1641),(#1642,#1643),(#1644,#1645),(#1646,#1647),(#1648,
#1649),(#1650,#1651),(#1652,#1653),(#1654,#1655),(#1656,#1657),(#1658,#1659),
(#1660,#1661),(#1662,#1663),(#1664,#1665),(#1666,#1667),(#1668,#1669),(#1670,
#1671),(#1672,#1673),(#1674,#1675),(#1676,#1677),(#1678,#1679),(#1680,#1681),
(#1682,#1683),(#1684,#1685),(#1686,#1687),(#1688,#1689),(#1690,#1691),(#1692,
#1693),(#1694,#1695),(#1696,#1697)),.UNSPECIFIED.,.F.,.F.,.F.)
B_SPLINE_SURFACE_WITH_KNOTS((6,1,1,1,1,1,1,1,1,1,1,1,1,1,1,1,1,1,1,1,1,
1,1,1,1,1,1,1,1,1,1,1,1,1,1,1,1,1,1,1,1,1,1,1,1,6),(2,2),(-1.,-0.977777777777778,
-0.955555555555556,-0.933333333333334,-0.911111111111111,-0.888888888888889,
-0.866666666666667,-0.844444444444445,-0.822222222222222,-0.8,-0.777777777777778,
-0.755555555555556,-0.733333333333333,-0.711111111111111,-0.688888888888889,
-0.666666666666667,-0.644444444444444,-0.622222222222222,-0.6,-0.577777777777778,
-0.555555555555555,-0.533333333333333,-0.511111111111111,-0.488888888888889,
-0.466666666666666,-0.444444444444444,-0.422222222222222,-0.4,-0.377777777777778,
-0.355555555555555,-0.333333333333333,-0.311111111111111,-0.288888888888889,
-0.266666666666667,-0.244444444444444,-0.222222222222222,-0.2,-0.177777777777778,
-0.155555555555556,-0.133333333333333,-0.111111111111111,-0.0888888888888889,
-0.0666666666666667,-0.0444444444444444,-0.0222222222222222,0.),(0.,0.22),
 .UNSPECIFIED.)
GEOMETRIC_REPRESENTATION_ITEM()
RATIONAL_B_SPLINE_SURFACE(((1.,1.),(1.,1.),(1.,1.),(1.,1.),(1.,1.),(1.,
1.),(1.,1.),(1.,1.),(1.,1.),(1.,1.),(1.,1.),(1.,1.),(1.,1.),(1.,1.),(1.,
1.),(1.,1.),(1.,1.),(1.,1.),(1.,1.),(1.,1.),(1.,1.),(1.,1.),(1.,1.),(1.,
1.),(1.,1.),(1.,1.),(1.,1.),(1.,1.),(1.,1.),(1.,1.),(1.,1.),(1.,1.),(1.,
1.),(1.,1.),(1.,1.),(1.,1.),(1.,1.),(1.,1.),(1.,1.),(1.,1.),(1.,1.),(1.,
1.),(1.,1.),(1.,1.),(1.,1.),(1.,1.),(1.,1.),(1.,1.),(1.,1.),(1.,1.)))
REPRESENTATION_ITEM('')
SURFACE()
);
#67=(
BOUNDED_SURFACE()
B_SPLINE_SURFACE(5,1,((#1756,#1757),(#1758,#1759),(#1760,#1761),(#1762,
#1763),(#1764,#1765),(#1766,#1767),(#1768,#1769),(#1770,#1771),(#1772,#1773),
(#1774,#1775),(#1776,#1777),(#1778,#1779),(#1780,#1781),(#1782,#1783),(#1784,
#1785),(#1786,#1787),(#1788,#1789),(#1790,#1791),(#1792,#1793),(#1794,#1795),
(#1796,#1797),(#1798,#1799),(#1800,#1801),(#1802,#1803),(#1804,#1805),(#1806,
#1807),(#1808,#1809),(#1810,#1811),(#1812,#1813),(#1814,#1815),(#1816,#1817),
(#1818,#1819),(#1820,#1821),(#1822,#1823),(#1824,#1825),(#1826,#1827),(#1828,
#1829),(#1830,#1831),(#1832,#1833),(#1834,#1835),(#1836,#1837),(#1838,#1839),
(#1840,#1841),(#1842,#1843),(#1844,#1845),(#1846,#1847),(#1848,#1849),(#1850,
#1851),(#1852,#1853),(#1854,#1855)),.UNSPECIFIED.,.F.,.F.,.F.)
B_SPLINE_SURFACE_WITH_KNOTS((6,1,1,1,1,1,1,1,1,1,1,1,1,1,1,1,1,1,1,1,1,
1,1,1,1,1,1,1,1,1,1,1,1,1,1,1,1,1,1,1,1,1,1,1,1,6),(2,2),(0.,0.0222222222222222,
0.0444444444444444,0.0666666666666667,0.0888888888888889,0.111111111111111,
0.133333333333333,0.155555555555556,0.177777777777778,0.2,0.222222222222222,
0.244444444444444,0.266666666666667,0.288888888888889,0.311111111111111,
0.333333333333333,0.355555555555555,0.377777777777778,0.4,0.422222222222222,
0.444444444444444,0.466666666666666,0.488888888888889,0.511111111111111,
0.533333333333333,0.555555555555555,0.577777777777778,0.6,0.622222222222222,
0.644444444444444,0.666666666666667,0.688888888888889,0.711111111111111,
0.733333333333333,0.755555555555556,0.777777777777778,0.8,0.822222222222222,
0.844444444444445,0.866666666666667,0.888888888888889,0.911111111111111,
0.933333333333334,0.955555555555556,0.977777777777778,1.),(0.,0.22),
 .UNSPECIFIED.)
GEOMETRIC_REPRESENTATION_ITEM()
RATIONAL_B_SPLINE_SURFACE(((1.,1.),(1.,1.),(1.,1.),(1.,1.),(1.,1.),(1.,
1.),(1.,1.),(1.,1.),(1.,1.),(1.,1.),(1.,1.),(1.,1.),(1.,1.),(1.,1.),(1.,
1.),(1.,1.),(1.,1.),(1.,1.),(1.,1.),(1.,1.),(1.,1.),(1.,1.),(1.,1.),(1.,
1.),(1.,1.),(1.,1.),(1.,1.),(1.,1.),(1.,1.),(1.,1.),(1.,1.),(1.,1.),(1.,
1.),(1.,1.),(1.,1.),(1.,1.),(1.,1.),(1.,1.),(1.,1.),(1.,1.),(1.,1.),(1.,
1.),(1.,1.),(1.,1.),(1.,1.),(1.,1.),(1.,1.),(1.,1.),(1.,1.),(1.,1.)))
REPRESENTATION_ITEM('')
SURFACE()
);
#68=(
BOUNDED_SURFACE()
B_SPLINE_SURFACE(5,1,((#1908,#1909),(#1910,#1911),(#1912,#1913),(#1914,
#1915),(#1916,#1917),(#1918,#1919),(#1920,#1921),(#1922,#1923),(#1924,#1925),
(#1926,#1927),(#1928,#1929),(#1930,#1931),(#1932,#1933),(#1934,#1935),(#1936,
#1937),(#1938,#1939),(#1940,#1941),(#1942,#1943),(#1944,#1945),(#1946,#1947),
(#1948,#1949),(#1950,#1951),(#1952,#1953),(#1954,#1955),(#1956,#1957),(#1958,
#1959),(#1960,#1961),(#1962,#1963),(#1964,#1965),(#1966,#1967),(#1968,#1969),
(#1970,#1971),(#1972,#1973),(#1974,#1975),(#1976,#1977),(#1978,#1979),(#1980,
#1981),(#1982,#1983),(#1984,#1985),(#1986,#1987),(#1988,#1989),(#1990,#1991),
(#1992,#1993),(#1994,#1995),(#1996,#1997),(#1998,#1999),(#2000,#2001),(#2002,
#2003),(#2004,#2005),(#2006,#2007)),.UNSPECIFIED.,.F.,.F.,.F.)
B_SPLINE_SURFACE_WITH_KNOTS((6,1,1,1,1,1,1,1,1,1,1,1,1,1,1,1,1,1,1,1,1,
1,1,1,1,1,1,1,1,1,1,1,1,1,1,1,1,1,1,1,1,1,1,1,1,6),(2,2),(-1.,-0.977777777777778,
-0.955555555555556,-0.933333333333334,-0.911111111111111,-0.888888888888889,
-0.866666666666667,-0.844444444444445,-0.822222222222222,-0.8,-0.777777777777778,
-0.755555555555556,-0.733333333333333,-0.711111111111111,-0.688888888888889,
-0.666666666666667,-0.644444444444444,-0.622222222222222,-0.6,-0.577777777777778,
-0.555555555555555,-0.533333333333333,-0.511111111111111,-0.488888888888889,
-0.466666666666666,-0.444444444444444,-0.422222222222222,-0.4,-0.377777777777778,
-0.355555555555555,-0.333333333333333,-0.311111111111111,-0.288888888888889,
-0.266666666666667,-0.244444444444444,-0.222222222222222,-0.2,-0.177777777777778,
-0.155555555555556,-0.133333333333333,-0.111111111111111,-0.0888888888888889,
-0.0666666666666667,-0.0444444444444444,-0.0222222222222222,0.),(0.,0.22),
 .UNSPECIFIED.)
GEOMETRIC_REPRESENTATION_ITEM()
RATIONAL_B_SPLINE_SURFACE(((1.,1.),(1.,1.),(1.,1.),(1.,1.),(1.,1.),(1.,
1.),(1.,1.),(1.,1.),(1.,1.),(1.,1.),(1.,1.),(1.,1.),(1.,1.),(1.,1.),(1.,
1.),(1.,1.),(1.,1.),(1.,1.),(1.,1.),(1.,1.),(1.,1.),(1.,1.),(1.,1.),(1.,
1.),(1.,1.),(1.,1.),(1.,1.),(1.,1.),(1.,1.),(1.,1.),(1.,1.),(1.,1.),(1.,
1.),(1.,1.),(1.,1.),(1.,1.),(1.,1.),(1.,1.),(1.,1.),(1.,1.),(1.,1.),(1.,
1.),(1.,1.),(1.,1.),(1.,1.),(1.,1.),(1.,1.),(1.,1.),(1.,1.),(1.,1.)))
REPRESENTATION_ITEM('')
SURFACE()
);
#69=(
BOUNDED_SURFACE()
B_SPLINE_SURFACE(5,1,((#2077,#2078),(#2079,#2080),(#2081,#2082),(#2083,
#2084),(#2085,#2086),(#2087,#2088),(#2089,#2090),(#2091,#2092),(#2093,#2094),
(#2095,#2096),(#2097,#2098),(#2099,#2100),(#2101,#2102),(#2103,#2104),(#2105,
#2106),(#2107,#2108),(#2109,#2110),(#2111,#2112),(#2113,#2114),(#2115,#2116),
(#2117,#2118),(#2119,#2120),(#2121,#2122),(#2123,#2124),(#2125,#2126),(#2127,
#2128),(#2129,#2130),(#2131,#2132),(#2133,#2134),(#2135,#2136),(#2137,#2138),
(#2139,#2140),(#2141,#2142),(#2143,#2144),(#2145,#2146),(#2147,#2148),(#2149,
#2150),(#2151,#2152),(#2153,#2154),(#2155,#2156),(#2157,#2158),(#2159,#2160),
(#2161,#2162),(#2163,#2164),(#2165,#2166),(#2167,#2168)),.UNSPECIFIED.,
 .F.,.F.,.F.)
B_SPLINE_SURFACE_WITH_KNOTS((6,1,1,1,1,1,1,1,1,1,1,1,1,1,1,1,1,1,1,1,1,
1,1,1,1,1,1,1,1,1,1,1,1,1,1,1,1,1,1,1,1,6),(2,2),(0.103972088696028,0.111111111111111,
0.133333333333333,0.155555555555556,0.177777777777778,0.2,0.222222222222222,
0.244444444444444,0.266666666666667,0.288888888888889,0.311111111111111,
0.333333333333333,0.355555555555555,0.377777777777778,0.4,0.422222222222222,
0.444444444444444,0.466666666666666,0.488888888888889,0.511111111111111,
0.533333333333333,0.555555555555555,0.577777777777778,0.6,0.622222222222222,
0.644444444444444,0.666666666666667,0.688888888888889,0.711111111111111,
0.733333333333333,0.755555555555556,0.777777777777778,0.8,0.822222222222222,
0.844444444444445,0.866666666666667,0.888888888888889,0.911111111111111,
0.933333333333334,0.955555555555556,0.977777777777778,1.),(0.,0.22),
 .UNSPECIFIED.)
GEOMETRIC_REPRESENTATION_ITEM()
RATIONAL_B_SPLINE_SURFACE(((1.,1.),(1.,1.),(1.,1.),(1.,1.),(1.,1.),(1.,
1.),(1.,1.),(1.,1.),(1.,1.),(1.,1.),(1.,1.),(1.,1.),(1.,1.),(1.,1.),(1.,
1.),(1.,1.),(1.,1.),(1.,1.),(1.,1.),(1.,1.),(1.,1.),(1.,1.),(1.,1.),(1.,
1.),(1.,1.),(1.,1.),(1.,1.),(1.,1.),(1.,1.),(1.,1.),(1.,1.),(1.,1.),(1.,
1.),(1.,1.),(1.,1.),(1.,1.),(1.,1.),(1.,1.),(1.,1.),(1.,1.),(1.,1.),(1.,
1.),(1.,1.),(1.,1.),(1.,1.),(1.,1.)))
REPRESENTATION_ITEM('')
SURFACE()
);
#70=STYLED_ITEM('',(#2242),#400);
#71=STYLED_ITEM('',(#2242),#401);
#72=STYLED_ITEM('',(#2242),#402);
#73=STYLED_ITEM('',(#2242),#403);
#74=STYLED_ITEM('',(#2242),#404);
#75=STYLED_ITEM('',(#2242),#405);
#76=STYLED_ITEM('',(#2242),#406);
#77=STYLED_ITEM('',(#2242),#411);
#78=STYLED_ITEM('',(#2242),#416);
#79=STYLED_ITEM('',(#2242),#417);
#80=STYLED_ITEM('',(#2242),#419);
#81=STYLED_ITEM('',(#2243),#13);
#82=PLANE('',#425);
#83=PLANE('',#429);
#84=PLANE('',#433);
#85=PLANE('',#437);
#86=PLANE('',#446);
#87=PLANE('',#447);
#88=PLANE('',#453);
#89=PLANE('',#458);
#90=PLANE('',#459);
#91=PLANE('',#460);
#92=FACE_BOUND('',#137,.T.);
#93=FACE_BOUND('',#140,.T.);
#94=FACE_BOUND('',#143,.T.);
#95=FACE_BOUND('',#146,.T.);
#96=FACE_BOUND('',#160,.T.);
#97=FACE_BOUND('',#161,.T.);
#98=FACE_BOUND('',#163,.T.);
#99=FACE_BOUND('',#166,.T.);
#100=FACE_BOUND('',#168,.T.);
#101=FACE_BOUND('',#173,.T.);
#102=FACE_BOUND('',#174,.T.);
#103=FACE_BOUND('',#175,.T.);
#104=FACE_BOUND('',#176,.T.);
#105=FACE_BOUND('',#177,.T.);
#106=FACE_BOUND('',#178,.T.);
#107=FACE_BOUND('',#179,.T.);
#108=FACE_OUTER_BOUND('',#136,.T.);
#109=FACE_OUTER_BOUND('',#138,.T.);
#110=FACE_OUTER_BOUND('',#139,.T.);
#111=FACE_OUTER_BOUND('',#141,.T.);
#112=FACE_OUTER_BOUND('',#142,.T.);
#113=FACE_OUTER_BOUND('',#144,.T.);
#114=FACE_OUTER_BOUND('',#145,.T.);
#115=FACE_OUTER_BOUND('',#147,.T.);
#116=FACE_OUTER_BOUND('',#148,.T.);
#117=FACE_OUTER_BOUND('',#149,.T.);
#118=FACE_OUTER_BOUND('',#150,.T.);
#119=FACE_OUTER_BOUND('',#151,.T.);
#120=FACE_OUTER_BOUND('',#152,.T.);
#121=FACE_OUTER_BOUND('',#153,.T.);
#122=FACE_OUTER_BOUND('',#154,.T.);
#123=FACE_OUTER_BOUND('',#155,.T.);
#124=FACE_OUTER_BOUND('',#156,.T.);
#125=FACE_OUTER_BOUND('',#157,.T.);
#126=FACE_OUTER_BOUND('',#158,.T.);
#127=FACE_OUTER_BOUND('',#159,.T.);
#128=FACE_OUTER_BOUND('',#162,.T.);
#129=FACE_OUTER_BOUND('',#164,.T.);
#130=FACE_OUTER_BOUND('',#165,.T.);
#131=FACE_OUTER_BOUND('',#167,.T.);
#132=FACE_OUTER_BOUND('',#169,.T.);
#133=FACE_OUTER_BOUND('',#170,.T.);
#134=FACE_OUTER_BOUND('',#171,.T.);
#135=FACE_OUTER_BOUND('',#172,.T.);
#136=EDGE_LOOP('',(#283));
#137=EDGE_LOOP('',(#284));
#138=EDGE_LOOP('',(#285));
#139=EDGE_LOOP('',(#286));
#140=EDGE_LOOP('',(#287));
#141=EDGE_LOOP('',(#288));
#142=EDGE_LOOP('',(#289));
#143=EDGE_LOOP('',(#290));
#144=EDGE_LOOP('',(#291));
#145=EDGE_LOOP('',(#292));
#146=EDGE_LOOP('',(#293));
#147=EDGE_LOOP('',(#294));
#148=EDGE_LOOP('',(#295,#296,#297,#298));
#149=EDGE_LOOP('',(#299,#300,#301,#302));
#150=EDGE_LOOP('',(#303,#304,#305,#306));
#151=EDGE_LOOP('',(#307,#308,#309,#310,#311));
#152=EDGE_LOOP('',(#312,#313,#314,#315));
#153=EDGE_LOOP('',(#316,#317,#318,#319));
#154=EDGE_LOOP('',(#320,#321,#322,#323));
#155=EDGE_LOOP('',(#324,#325,#326,#327));
#156=EDGE_LOOP('',(#328,#329,#330,#331));
#157=EDGE_LOOP('',(#332,#333,#334,#335));
#158=EDGE_LOOP('',(#336,#337,#338,#339));
#159=EDGE_LOOP('',(#340,#341,#342,#343,#344,#345,#346));
#160=EDGE_LOOP('',(#347));
#161=EDGE_LOOP('',(#348));
#162=EDGE_LOOP('',(#349));
#163=EDGE_LOOP('',(#350));
#164=EDGE_LOOP('',(#351));
#165=EDGE_LOOP('',(#352));
#166=EDGE_LOOP('',(#353));
#167=EDGE_LOOP('',(#354));
#168=EDGE_LOOP('',(#355));
#169=EDGE_LOOP('',(#356,#357,#358,#359));
#170=EDGE_LOOP('',(#360,#361,#362,#363,#364));
#171=EDGE_LOOP('',(#365,#366,#367,#368));
#172=EDGE_LOOP('',(#369,#370,#371,#372,#373,#374,#375));
#173=EDGE_LOOP('',(#376));
#174=EDGE_LOOP('',(#377));
#175=EDGE_LOOP('',(#378));
#176=EDGE_LOOP('',(#379));
#177=EDGE_LOOP('',(#380));
#178=EDGE_LOOP('',(#381));
#179=EDGE_LOOP('',(#382));
#180=CIRCLE('',#423,1.625);
#181=CIRCLE('',#424,1.625);
#182=CIRCLE('',#427,1.625);
#183=CIRCLE('',#428,1.625);
#184=CIRCLE('',#431,1.625);
#185=CIRCLE('',#432,1.625);
#186=CIRCLE('',#435,1.625);
#187=CIRCLE('',#436,1.625);
#188=CIRCLE('',#438,1.99999999999999);
#189=CIRCLE('',#439,1.99999999999999);
#190=CIRCLE('',#440,2.);
#191=CIRCLE('',#448,11.75);
#192=CIRCLE('',#449,0.999999999999996);
#193=CIRCLE('',#451,0.599999999999996);
#194=CIRCLE('',#452,0.599999999999996);
#195=CIRCLE('',#455,11.75);
#196=CIRCLE('',#457,0.999999999999996);
#197=VERTEX_POINT('',#557);
#198=VERTEX_POINT('',#559);
#199=VERTEX_POINT('',#563);
#200=VERTEX_POINT('',#565);
#201=VERTEX_POINT('',#569);
#202=VERTEX_POINT('',#571);
#203=VERTEX_POINT('',#575);
#204=VERTEX_POINT('',#577);
#205=VERTEX_POINT('',#589);
#206=VERTEX_POINT('',#590);
#207=VERTEX_POINT('',#603);
#208=VERTEX_POINT('',#605);
#209=VERTEX_POINT('',#609);
#210=VERTEX_POINT('',#610);
#211=VERTEX_POINT('',#612);
#212=VERTEX_POINT('',#614);
#213=VERTEX_POINT('',#807);
#214=VERTEX_POINT('',#808);
#215=VERTEX_POINT('',#816);
#216=VERTEX_POINT('',#855);
#217=VERTEX_POINT('',#896);
#218=VERTEX_POINT('',#1341);
#219=VERTEX_POINT('',#1342);
#220=VERTEX_POINT('',#1698);
#221=VERTEX_POINT('',#1700);
#222=VERTEX_POINT('',#1753);
#223=VERTEX_POINT('',#1856);
#224=VERTEX_POINT('',#2008);
#225=VERTEX_POINT('',#2061);
#226=VERTEX_POINT('',#2063);
#227=VERTEX_POINT('',#2066);
#228=VERTEX_POINT('',#2068);
#229=VERTEX_POINT('',#2072);
#230=VERTEX_POINT('',#2075);
#231=VERTEX_POINT('',#2169);
#232=VERTEX_POINT('',#2218);
#233=EDGE_CURVE('',#197,#197,#180,.T.);
#234=EDGE_CURVE('',#198,#198,#181,.T.);
#235=EDGE_CURVE('',#199,#199,#182,.T.);
#236=EDGE_CURVE('',#200,#200,#183,.T.);
#237=EDGE_CURVE('',#201,#201,#184,.T.);
#238=EDGE_CURVE('',#202,#202,#185,.T.);
#239=EDGE_CURVE('',#203,#203,#186,.T.);
#240=EDGE_CURVE('',#204,#204,#187,.T.);
#241=EDGE_CURVE('',#205,#206,#54,.T.);
#242=EDGE_CURVE('',#205,#207,#188,.T.);
#243=EDGE_CURVE('',#208,#207,#189,.T.);
#244=EDGE_CURVE('',#208,#206,#190,.T.);
#245=EDGE_CURVE('',#209,#210,#26,.T.);
#246=EDGE_CURVE('',#210,#211,#23,.T.);
#247=EDGE_CURVE('',#211,#212,#27,.T.);
#248=EDGE_CURVE('',#212,#209,#24,.T.);
#249=EDGE_CURVE('',#213,#214,#55,.T.);
#250=EDGE_CURVE('',#214,#215,#56,.T.);
#251=EDGE_CURVE('',#215,#216,#25,.T.);
#252=EDGE_CURVE('',#216,#213,#57,.T.);
#253=EDGE_CURVE('',#206,#217,#14,.T.);
#254=EDGE_CURVE('',#217,#216,#28,.T.);
#255=EDGE_CURVE('',#215,#205,#29,.T.);
#256=EDGE_CURVE('',#210,#214,#58,.T.);
#257=EDGE_CURVE('',#213,#211,#59,.T.);
#258=EDGE_CURVE('',#218,#219,#60,.T.);
#259=EDGE_CURVE('',#219,#209,#61,.T.);
#260=EDGE_CURVE('',#212,#218,#62,.T.);
#261=EDGE_CURVE('',#218,#208,#63,.T.);
#262=EDGE_CURVE('',#207,#219,#64,.T.);
#263=EDGE_CURVE('',#212,#220,#30,.T.);
#264=EDGE_CURVE('',#221,#220,#15,.T.);
#265=EDGE_CURVE('',#218,#221,#31,.T.);
#266=EDGE_CURVE('',#211,#222,#32,.T.);
#267=EDGE_CURVE('',#220,#222,#33,.T.);
#268=EDGE_CURVE('',#213,#223,#34,.T.);
#269=EDGE_CURVE('',#222,#223,#16,.T.);
#270=EDGE_CURVE('',#216,#224,#35,.T.);
#271=EDGE_CURVE('',#223,#224,#17,.T.);
#272=EDGE_CURVE('',#225,#225,#191,.T.);
#273=EDGE_CURVE('',#226,#226,#192,.T.);
#274=EDGE_CURVE('',#227,#227,#193,.T.);
#275=EDGE_CURVE('',#228,#228,#194,.T.);
#276=EDGE_CURVE('',#229,#229,#195,.T.);
#277=EDGE_CURVE('',#230,#230,#196,.T.);
#278=EDGE_CURVE('',#231,#221,#18,.T.);
#279=EDGE_CURVE('',#208,#231,#36,.T.);
#280=EDGE_CURVE('',#232,#231,#37,.T.);
#281=EDGE_CURVE('',#217,#232,#38,.T.);
#282=EDGE_CURVE('',#224,#232,#39,.T.);
#283=ORIENTED_EDGE('',*,*,#233,.T.);
#284=ORIENTED_EDGE('',*,*,#234,.F.);
#285=ORIENTED_EDGE('',*,*,#233,.F.);
#286=ORIENTED_EDGE('',*,*,#235,.T.);
#287=ORIENTED_EDGE('',*,*,#236,.F.);
#288=ORIENTED_EDGE('',*,*,#235,.F.);
#289=ORIENTED_EDGE('',*,*,#237,.T.);
#290=ORIENTED_EDGE('',*,*,#238,.F.);
#291=ORIENTED_EDGE('',*,*,#237,.F.);
#292=ORIENTED_EDGE('',*,*,#239,.T.);
#293=ORIENTED_EDGE('',*,*,#240,.F.);
#294=ORIENTED_EDGE('',*,*,#239,.F.);
#295=ORIENTED_EDGE('',*,*,#241,.F.);
#296=ORIENTED_EDGE('',*,*,#242,.T.);
#297=ORIENTED_EDGE('',*,*,#243,.F.);
#298=ORIENTED_EDGE('',*,*,#244,.T.);
#299=ORIENTED_EDGE('',*,*,#245,.T.);
#300=ORIENTED_EDGE('',*,*,#246,.T.);
#301=ORIENTED_EDGE('',*,*,#247,.T.);
#302=ORIENTED_EDGE('',*,*,#248,.T.);
#303=ORIENTED_EDGE('',*,*,#249,.T.);
#304=ORIENTED_EDGE('',*,*,#250,.T.);
#305=ORIENTED_EDGE('',*,*,#251,.T.);
#306=ORIENTED_EDGE('',*,*,#252,.T.);
#307=ORIENTED_EDGE('',*,*,#241,.T.);
#308=ORIENTED_EDGE('',*,*,#253,.T.);
#309=ORIENTED_EDGE('',*,*,#254,.T.);
#310=ORIENTED_EDGE('',*,*,#251,.F.);
#311=ORIENTED_EDGE('',*,*,#255,.T.);
#312=ORIENTED_EDGE('',*,*,#256,.T.);
#313=ORIENTED_EDGE('',*,*,#249,.F.);
#314=ORIENTED_EDGE('',*,*,#257,.T.);
#315=ORIENTED_EDGE('',*,*,#246,.F.);
#316=ORIENTED_EDGE('',*,*,#258,.T.);
#317=ORIENTED_EDGE('',*,*,#259,.T.);
#318=ORIENTED_EDGE('',*,*,#248,.F.);
#319=ORIENTED_EDGE('',*,*,#260,.T.);
#320=ORIENTED_EDGE('',*,*,#258,.F.);
#321=ORIENTED_EDGE('',*,*,#261,.T.);
#322=ORIENTED_EDGE('',*,*,#243,.T.);
#323=ORIENTED_EDGE('',*,*,#262,.T.);
#324=ORIENTED_EDGE('',*,*,#260,.F.);
#325=ORIENTED_EDGE('',*,*,#263,.T.);
#326=ORIENTED_EDGE('',*,*,#264,.F.);
#327=ORIENTED_EDGE('',*,*,#265,.F.);
#328=ORIENTED_EDGE('',*,*,#247,.F.);
#329=ORIENTED_EDGE('',*,*,#266,.T.);
#330=ORIENTED_EDGE('',*,*,#267,.F.);
#331=ORIENTED_EDGE('',*,*,#263,.F.);
#332=ORIENTED_EDGE('',*,*,#257,.F.);
#333=ORIENTED_EDGE('',*,*,#268,.T.);
#334=ORIENTED_EDGE('',*,*,#269,.F.);
#335=ORIENTED_EDGE('',*,*,#266,.F.);
#336=ORIENTED_EDGE('',*,*,#252,.F.);
#337=ORIENTED_EDGE('',*,*,#270,.T.);
#338=ORIENTED_EDGE('',*,*,#271,.F.);
#339=ORIENTED_EDGE('',*,*,#268,.F.);
#340=ORIENTED_EDGE('',*,*,#250,.F.);
#341=ORIENTED_EDGE('',*,*,#256,.F.);
#342=ORIENTED_EDGE('',*,*,#245,.F.);
#343=ORIENTED_EDGE('',*,*,#259,.F.);
#344=ORIENTED_EDGE('',*,*,#262,.F.);
#345=ORIENTED_EDGE('',*,*,#242,.F.);
#346=ORIENTED_EDGE('',*,*,#255,.F.);
#347=ORIENTED_EDGE('',*,*,#272,.T.);
#348=ORIENTED_EDGE('',*,*,#273,.T.);
#349=ORIENTED_EDGE('',*,*,#274,.F.);
#350=ORIENTED_EDGE('',*,*,#275,.F.);
#351=ORIENTED_EDGE('',*,*,#274,.T.);
#352=ORIENTED_EDGE('',*,*,#276,.F.);
#353=ORIENTED_EDGE('',*,*,#272,.F.);
#354=ORIENTED_EDGE('',*,*,#277,.F.);
#355=ORIENTED_EDGE('',*,*,#273,.F.);
#356=ORIENTED_EDGE('',*,*,#261,.F.);
#357=ORIENTED_EDGE('',*,*,#265,.T.);
#358=ORIENTED_EDGE('',*,*,#278,.F.);
#359=ORIENTED_EDGE('',*,*,#279,.F.);
#360=ORIENTED_EDGE('',*,*,#244,.F.);
#361=ORIENTED_EDGE('',*,*,#279,.T.);
#362=ORIENTED_EDGE('',*,*,#280,.F.);
#363=ORIENTED_EDGE('',*,*,#281,.F.);
#364=ORIENTED_EDGE('',*,*,#253,.F.);
#365=ORIENTED_EDGE('',*,*,#254,.F.);
#366=ORIENTED_EDGE('',*,*,#281,.T.);
#367=ORIENTED_EDGE('',*,*,#282,.F.);
#368=ORIENTED_EDGE('',*,*,#270,.F.);
#369=ORIENTED_EDGE('',*,*,#267,.T.);
#370=ORIENTED_EDGE('',*,*,#269,.T.);
#371=ORIENTED_EDGE('',*,*,#271,.T.);
#372=ORIENTED_EDGE('',*,*,#282,.T.);
#373=ORIENTED_EDGE('',*,*,#280,.T.);
#374=ORIENTED_EDGE('',*,*,#278,.T.);
#375=ORIENTED_EDGE('',*,*,#264,.T.);
#376=ORIENTED_EDGE('',*,*,#234,.T.);
#377=ORIENTED_EDGE('',*,*,#236,.T.);
#378=ORIENTED_EDGE('',*,*,#238,.T.);
#379=ORIENTED_EDGE('',*,*,#240,.T.);
#380=ORIENTED_EDGE('',*,*,#275,.T.);
#381=ORIENTED_EDGE('',*,*,#277,.T.);
#382=ORIENTED_EDGE('',*,*,#276,.T.);
#383=CYLINDRICAL_SURFACE('',#422,1.625);
#384=CYLINDRICAL_SURFACE('',#426,1.625);
#385=CYLINDRICAL_SURFACE('',#430,1.625);
#386=CYLINDRICAL_SURFACE('',#434,1.625);
#387=CYLINDRICAL_SURFACE('',#441,2.);
#388=CYLINDRICAL_SURFACE('',#445,2.);
#389=CYLINDRICAL_SURFACE('',#450,0.599999999999996);
#390=CYLINDRICAL_SURFACE('',#454,11.75);
#391=CYLINDRICAL_SURFACE('',#456,0.999999999999996);
#392=ADVANCED_FACE('',(#108,#92),#383,.F.);
#393=ADVANCED_FACE('',(#109),#82,.T.);
#394=ADVANCED_FACE('',(#110,#93),#384,.F.);
#395=ADVANCED_FACE('',(#111),#83,.T.);
#396=ADVANCED_FACE('',(#112,#94),#385,.F.);
#397=ADVANCED_FACE('',(#113),#84,.T.);
#398=ADVANCED_FACE('',(#114,#95),#386,.F.);
#399=ADVANCED_FACE('',(#115),#85,.T.);
#400=ADVANCED_FACE('',(#116),#65,.T.);
#401=ADVANCED_FACE('',(#117),#387,.T.);
#402=ADVANCED_FACE('',(#118),#19,.F.);
#403=ADVANCED_FACE('',(#119),#388,.T.);
#404=ADVANCED_FACE('',(#120),#20,.F.);
#405=ADVANCED_FACE('',(#121),#21,.F.);
#406=ADVANCED_FACE('',(#122),#22,.F.);
#407=ADVANCED_FACE('',(#123),#66,.T.);
#408=ADVANCED_FACE('',(#124),#86,.T.);
#409=ADVANCED_FACE('',(#125),#67,.T.);
#410=ADVANCED_FACE('',(#126),#68,.T.);
#411=ADVANCED_FACE('',(#127,#96,#97),#87,.F.);
#412=ADVANCED_FACE('',(#128,#98),#389,.T.);
#413=ADVANCED_FACE('',(#129),#88,.T.);
#414=ADVANCED_FACE('',(#130,#99),#390,.F.);
#415=ADVANCED_FACE('',(#131,#100),#391,.F.);
#416=ADVANCED_FACE('',(#132),#69,.T.);
#417=ADVANCED_FACE('',(#133),#89,.T.);
#418=ADVANCED_FACE('',(#134),#90,.T.);
#419=ADVANCED_FACE('',(#135,#101,#102,#103,#104,#105,#106,#107),#91,.T.);
#420=CLOSED_SHELL('',(#392,#393,#394,#395,#396,#397,#398,#399,#400,#401,
#402,#403,#404,#405,#406,#407,#408,#409,#410,#411,#412,#413,#414,#415,#416,
#417,#418,#419));
#421=AXIS2_PLACEMENT_3D('placement',#555,#461,#462);
#422=AXIS2_PLACEMENT_3D('',#556,#463,#464);
#423=AXIS2_PLACEMENT_3D('',#558,#465,#466);
#424=AXIS2_PLACEMENT_3D('',#560,#467,#468);
#425=AXIS2_PLACEMENT_3D('',#561,#469,#470);
#426=AXIS2_PLACEMENT_3D('',#562,#471,#472);
#427=AXIS2_PLACEMENT_3D('',#564,#473,#474);
#428=AXIS2_PLACEMENT_3D('',#566,#475,#476);
#429=AXIS2_PLACEMENT_3D('',#567,#477,#478);
#430=AXIS2_PLACEMENT_3D('',#568,#479,#480);
#431=AXIS2_PLACEMENT_3D('',#570,#481,#482);
#432=AXIS2_PLACEMENT_3D('',#572,#483,#484);
#433=AXIS2_PLACEMENT_3D('',#573,#485,#486);
#434=AXIS2_PLACEMENT_3D('',#574,#487,#488);
#435=AXIS2_PLACEMENT_3D('',#576,#489,#490);
#436=AXIS2_PLACEMENT_3D('',#578,#491,#492);
#437=AXIS2_PLACEMENT_3D('',#579,#493,#494);
#438=AXIS2_PLACEMENT_3D('',#604,#495,#496);
#439=AXIS2_PLACEMENT_3D('',#606,#497,#498);
#440=AXIS2_PLACEMENT_3D('',#607,#499,#500);
#441=AXIS2_PLACEMENT_3D('',#608,#501,#502);
#442=AXIS2_PLACEMENT_3D('',#613,#504,#505);
#443=AXIS2_PLACEMENT_3D('',#616,#507,#508);
#444=AXIS2_PLACEMENT_3D('',#856,#509,#510);
#445=AXIS2_PLACEMENT_3D('',#895,#511,#512);
#446=AXIS2_PLACEMENT_3D('',#1752,#517,#518);
#447=AXIS2_PLACEMENT_3D('',#2060,#523,#524);
#448=AXIS2_PLACEMENT_3D('',#2062,#525,#526);
#449=AXIS2_PLACEMENT_3D('',#2064,#527,#528);
#450=AXIS2_PLACEMENT_3D('',#2065,#529,#530);
#451=AXIS2_PLACEMENT_3D('',#2067,#531,#532);
#452=AXIS2_PLACEMENT_3D('',#2069,#533,#534);
#453=AXIS2_PLACEMENT_3D('',#2070,#535,#536);
#454=AXIS2_PLACEMENT_3D('',#2071,#537,#538);
#455=AXIS2_PLACEMENT_3D('',#2073,#539,#540);
#456=AXIS2_PLACEMENT_3D('',#2074,#541,#542);
#457=AXIS2_PLACEMENT_3D('',#2076,#543,#544);
#458=AXIS2_PLACEMENT_3D('',#2217,#546,#547);
#459=AXIS2_PLACEMENT_3D('',#2221,#550,#551);
#460=AXIS2_PLACEMENT_3D('',#2223,#553,#554);
#461=DIRECTION('axis',(0.,0.,1.));
#462=DIRECTION('refdir',(1.,0.,0.));
#463=DIRECTION('center_axis',(0.,-1.,0.));
#464=DIRECTION('ref_axis',(-1.,0.,0.));
#465=DIRECTION('center_axis',(0.,-1.,0.));
#466=DIRECTION('ref_axis',(-1.,0.,0.));
#467=DIRECTION('center_axis',(0.,-1.,0.));
#468=DIRECTION('ref_axis',(-1.,0.,0.));
#469=DIRECTION('center_axis',(0.,1.,0.));
#470=DIRECTION('ref_axis',(-1.,0.,0.));
#471=DIRECTION('center_axis',(0.,-1.,0.));
#472=DIRECTION('ref_axis',(-1.,0.,0.));
#473=DIRECTION('center_axis',(0.,-1.,0.));
#474=DIRECTION('ref_axis',(-1.,0.,0.));
#475=DIRECTION('center_axis',(0.,-1.,0.));
#476=DIRECTION('ref_axis',(-1.,0.,0.));
#477=DIRECTION('center_axis',(0.,1.,0.));
#478=DIRECTION('ref_axis',(-1.,0.,0.));
#479=DIRECTION('center_axis',(0.,-1.,0.));
#480=DIRECTION('ref_axis',(-1.,0.,0.));
#481=DIRECTION('center_axis',(0.,-1.,0.));
#482=DIRECTION('ref_axis',(-1.,0.,0.));
#483=DIRECTION('center_axis',(0.,-1.,0.));
#484=DIRECTION('ref_axis',(-1.,0.,0.));
#485=DIRECTION('center_axis',(0.,1.,0.));
#486=DIRECTION('ref_axis',(-1.,0.,0.));
#487=DIRECTION('center_axis',(0.,-1.,0.));
#488=DIRECTION('ref_axis',(-1.,0.,0.));
#489=DIRECTION('center_axis',(0.,-1.,0.));
#490=DIRECTION('ref_axis',(-1.,0.,0.));
#491=DIRECTION('center_axis',(0.,-1.,0.));
#492=DIRECTION('ref_axis',(-1.,0.,0.));
#493=DIRECTION('center_axis',(0.,1.,0.));
#494=DIRECTION('ref_axis',(-1.,0.,0.));
#495=DIRECTION('center_axis',(0.,-1.,0.));
#496=DIRECTION('ref_axis',(0.99066636417318,0.,-0.136309041871374));
#497=DIRECTION('center_axis',(-0.136309041871375,-2.19972121445351E-15,
-0.99066636417318));
#498=DIRECTION('ref_axis',(0.99066636417318,0.,-0.136309041871375));
#499=DIRECTION('center_axis',(-0.999991588138839,0.,0.00410166448691759));
#500=DIRECTION('ref_axis',(0.00410166448691759,0.,0.999991588138839));
#501=DIRECTION('center_axis',(0.,0.,1.));
#502=DIRECTION('ref_axis',(-0.707106781186546,-0.707106781186549,0.));
#503=DIRECTION('',(0.,0.,1.));
#504=DIRECTION('center_axis',(0.0127188413593224,-3.87885235166503E-14,
-0.999919112265825));
#505=DIRECTION('ref_axis',(0.999919112265825,1.83961260107126E-9,0.0127188413593224));
#506=DIRECTION('',(0.,0.,-1.));
#507=DIRECTION('center_axis',(0.0335236038277726,3.27064135656523E-14,0.999437926029625));
#508=DIRECTION('ref_axis',(0.999437926029625,-4.30599218112711E-11,-0.0335236038277726));
#509=DIRECTION('center_axis',(0.0127188413596529,-1.58374440994699E-13,
0.999919112265821));
#510=DIRECTION('ref_axis',(0.999919112265821,1.02640810691556E-9,-0.0127188413596529));
#511=DIRECTION('center_axis',(0.,0.,-1.));
#512=DIRECTION('ref_axis',(0.707106781186553,-0.707106781186543,0.));
#513=DIRECTION('',(0.,0.,1.));
#514=DIRECTION('',(0.,0.,-1.));
#515=DIRECTION('',(0.,1.,0.));
#516=DIRECTION('',(0.,1.,0.));
#517=DIRECTION('center_axis',(-1.,0.,0.));
#518=DIRECTION('ref_axis',(0.,0.,1.));
#519=DIRECTION('',(0.,1.,0.));
#520=DIRECTION('',(0.,0.,1.));
#521=DIRECTION('',(0.,1.,0.));
#522=DIRECTION('',(0.,1.,0.));
#523=DIRECTION('center_axis',(0.,1.,0.));
#524=DIRECTION('ref_axis',(1.,0.,0.));
#525=DIRECTION('center_axis',(0.,1.,0.));
#526=DIRECTION('ref_axis',(1.,0.,0.));
#527=DIRECTION('center_axis',(0.,1.,0.));
#528=DIRECTION('ref_axis',(1.,0.,0.));
#529=DIRECTION('center_axis',(0.,1.,0.));
#530=DIRECTION('ref_axis',(-1.,0.,0.));
#531=DIRECTION('center_axis',(0.,1.,0.));
#532=DIRECTION('ref_axis',(-1.,0.,0.));
#533=DIRECTION('center_axis',(0.,-1.,0.));
#534=DIRECTION('ref_axis',(-1.,0.,0.));
#535=DIRECTION('center_axis',(0.,1.,0.));
#536=DIRECTION('ref_axis',(-1.,0.,0.));
#537=DIRECTION('center_axis',(0.,1.,0.));
#538=DIRECTION('ref_axis',(1.,0.,0.));
#539=DIRECTION('center_axis',(0.,-1.,0.));
#540=DIRECTION('ref_axis',(1.,0.,0.));
#541=DIRECTION('center_axis',(0.,1.,0.));
#542=DIRECTION('ref_axis',(1.,0.,0.));
#543=DIRECTION('center_axis',(0.,-1.,0.));
#544=DIRECTION('ref_axis',(1.,0.,0.));
#545=DIRECTION('',(0.,1.,0.));
#546=DIRECTION('center_axis',(0.999991588138839,0.,-0.00410166448691759));
#547=DIRECTION('ref_axis',(-0.00410166448691759,0.,-0.999991588138839));
#548=DIRECTION('',(-0.00410166448691759,0.,-0.999991588138839));
#549=DIRECTION('',(0.,1.,0.));
#550=DIRECTION('center_axis',(1.,0.,0.));
#551=DIRECTION('ref_axis',(0.,0.,-1.));
#552=DIRECTION('',(0.,0.,-1.));
#553=DIRECTION('center_axis',(0.,1.,0.));
#554=DIRECTION('ref_axis',(1.,0.,0.));
#555=CARTESIAN_POINT('',(0.,0.,0.));
#556=CARTESIAN_POINT('Origin',(103.218359375,2.2,19.710833875));
#557=CARTESIAN_POINT('',(104.843359375,0.422,19.710833875));
#558=CARTESIAN_POINT('Origin',(103.218359375,0.422,19.710833875));
#559=CARTESIAN_POINT('',(104.843359375,2.2,19.710833875));
#560=CARTESIAN_POINT('Origin',(103.218359375,2.2,19.710833875));
#561=CARTESIAN_POINT('Origin',(103.218359375,0.422,19.710833875));
#562=CARTESIAN_POINT('Origin',(63.218359375,2.2,139.644258813912));
#563=CARTESIAN_POINT('',(64.843359375,0.422,139.644258813912));
#564=CARTESIAN_POINT('Origin',(63.218359375,0.422,139.644258813912));
#565=CARTESIAN_POINT('',(64.843359375,2.2,139.644258813912));
#566=CARTESIAN_POINT('Origin',(63.218359375,2.2,139.644258813912));
#567=CARTESIAN_POINT('Origin',(63.218359375,0.422,139.644258813912));
#568=CARTESIAN_POINT('Origin',(57.218359375,2.2,19.710833875));
#569=CARTESIAN_POINT('',(58.843359375,0.422,19.710833875));
#570=CARTESIAN_POINT('Origin',(57.218359375,0.422,19.710833875));
#571=CARTESIAN_POINT('',(58.843359375,2.2,19.710833875));
#572=CARTESIAN_POINT('Origin',(57.218359375,2.2,19.710833875));
#573=CARTESIAN_POINT('Origin',(57.218359375,0.422,19.710833875));
#574=CARTESIAN_POINT('Origin',(97.218359375,2.2,139.644258813912));
#575=CARTESIAN_POINT('',(98.843359375,0.422,139.644258813912));
#576=CARTESIAN_POINT('Origin',(97.218359375,0.422,139.644258813912));
#577=CARTESIAN_POINT('',(98.843359375,2.2,139.644258813912));
#578=CARTESIAN_POINT('Origin',(97.218359375,2.2,139.644258813912));
#579=CARTESIAN_POINT('Origin',(97.218359375,0.422,139.644258813912));
#580=CARTESIAN_POINT('Ctrl Pts',(116.863735253964,2.,12.402398694306));
#581=CARTESIAN_POINT('Ctrl Pts',(116.863735253964,2.,12.402398694306));
#582=CARTESIAN_POINT('Ctrl Pts',(116.863735253964,2.,12.402398694306));
#583=CARTESIAN_POINT('Ctrl Pts',(116.863735253964,8.04987352435619E-15,
12.402398694306));
#584=CARTESIAN_POINT('Ctrl Pts',(116.863735253964,8.05483811725851E-15,
12.402398694306));
#585=CARTESIAN_POINT('Ctrl Pts',(116.863735253964,8.05483811725851E-15,
12.402398694306));
#586=CARTESIAN_POINT('Ctrl Pts',(116.871938582942,-2.77555756156289E-16,
14.4023818705836));
#587=CARTESIAN_POINT('Ctrl Pts',(115.121064501665,-2.77555756156289E-16,
14.4095634290378));
#588=CARTESIAN_POINT('Ctrl Pts',(114.882402525617,-2.77555756156289E-16,
12.6750167780487));
#589=CARTESIAN_POINT('',(114.97890625,0.,13.0712930251369));
#590=CARTESIAN_POINT('',(116.864205717066,1.33243283522924,12.5170982623948));
#591=CARTESIAN_POINT('Ctrl Pts',(114.97890625,0.,13.0712930251369));
#592=CARTESIAN_POINT('Ctrl Pts',(114.98135449654,1.01788669154483E-17,13.0708714832287));
#593=CARTESIAN_POINT('Ctrl Pts',(114.983802674394,4.49543338950649E-6,13.0704495546593));
#594=CARTESIAN_POINT('Ctrl Pts',(115.239507774608,0.000943517522105867,
13.0263384822699));
#595=CARTESIAN_POINT('Ctrl Pts',(115.489576681539,0.0499576764156267,12.9789558816157));
#596=CARTESIAN_POINT('Ctrl Pts',(115.974935233262,0.244610671154527,12.8725417531747));
#597=CARTESIAN_POINT('Ctrl Pts',(116.20262429761,0.395290922863798,12.8141051681721));
#598=CARTESIAN_POINT('Ctrl Pts',(116.560404827536,0.753071452790248,12.6959715020781));
#599=CARTESIAN_POINT('Ctrl Pts',(116.68463664424,0.936471759223219,12.64240154291));
#600=CARTESIAN_POINT('Ctrl Pts',(116.813278105975,1.19801988592893,12.5620894425175));
#601=CARTESIAN_POINT('Ctrl Pts',(116.842379688288,1.2707931941635,12.5390139985723));
#602=CARTESIAN_POINT('Ctrl Pts',(116.864205717066,1.33243283522924,12.5170982623948));
#603=CARTESIAN_POINT('',(114.882402525617,0.,12.6750167780487));
#604=CARTESIAN_POINT('Origin',(116.863735253964,0.,12.402398694306));
#605=CARTESIAN_POINT('',(116.863735253964,2.,12.402398694306));
#606=CARTESIAN_POINT('Origin',(114.882402525617,2.,12.6750167780487));
#607=CARTESIAN_POINT('Origin',(116.871938582937,2.,14.4023818705836));
#608=CARTESIAN_POINT('Origin',(45.4578125,2.,47.7033439655426));
#609=CARTESIAN_POINT('',(45.4578125,0.,14.5180713356604));
#610=CARTESIAN_POINT('',(45.4578123953232,0.,147.96060010451));
#611=CARTESIAN_POINT('',(45.4578125,0.,47.7033439655426));
#612=CARTESIAN_POINT('',(43.4578124999999,2.,147.93515625));
#613=CARTESIAN_POINT('Origin',(45.4578125000007,2.00000000000071,147.960595990477));
#614=CARTESIAN_POINT('',(43.4578125000001,2.,14.58515625));
#615=CARTESIAN_POINT('',(43.4578125,2.,47.7033439655426));
#616=CARTESIAN_POINT('Origin',(45.4578124999999,1.99999999999982,14.5180713356603));
#617=CARTESIAN_POINT('Ctrl Pts',(116.978259069655,2.,147.90972062754));
#618=CARTESIAN_POINT('Ctrl Pts',(116.978474796437,2.,147.91819916836));
#619=CARTESIAN_POINT('Ctrl Pts',(116.978690523218,2.,147.92667770918));
#620=CARTESIAN_POINT('Ctrl Pts',(116.985241256856,2.,148.184136065181));
#621=CARTESIAN_POINT('Ctrl Pts',(116.991762307217,2.,148.67923319615));
#622=CARTESIAN_POINT('Ctrl Pts',(116.967889785004,2.,149.408248353586));
#623=CARTESIAN_POINT('Ctrl Pts',(116.832328901166,2.,150.388870117133));
#624=CARTESIAN_POINT('Ctrl Pts',(116.634771750549,1.99999999999999,151.066191063986));
#625=CARTESIAN_POINT('Ctrl Pts',(116.424119147754,1.99999999999999,151.614953554831));
#626=CARTESIAN_POINT('Ctrl Pts',(116.312440101061,1.99999999999999,151.886727509153));
#627=CARTESIAN_POINT('Ctrl Pts',(116.158103895403,1.99999999999999,152.228012770254));
#628=CARTESIAN_POINT('Ctrl Pts',(115.939412913497,1.99999999999999,152.646898698101));
#629=CARTESIAN_POINT('Ctrl Pts',(115.575866977779,2.,153.23860231189));
#630=CARTESIAN_POINT('Ctrl Pts',(114.999363968446,2.,153.917983437272));
#631=CARTESIAN_POINT('Ctrl Pts',(114.3638219208,2.,154.49041505713));
#632=CARTESIAN_POINT('Ctrl Pts',(113.669444459057,2.,155.041007510341));
#633=CARTESIAN_POINT('Ctrl Pts',(112.523245680295,2.,155.713980126911));
#634=CARTESIAN_POINT('Ctrl Pts',(111.436012613046,2.,156.083616343464));
#635=CARTESIAN_POINT('Ctrl Pts',(110.42738892112,2.,156.354323859317));
#636=CARTESIAN_POINT('Ctrl Pts',(109.433626928349,2.,156.571583253019));
#637=CARTESIAN_POINT('Ctrl Pts',(107.736042244205,2.,156.866433623255));
#638=CARTESIAN_POINT('Ctrl Pts',(105.359086710075,2.,157.145323234711));
#639=CARTESIAN_POINT('Ctrl Pts',(102.538545936262,2.,157.373068238791));
#640=CARTESIAN_POINT('Ctrl Pts',(99.731392815892,2.,157.532466385939));
#641=CARTESIAN_POINT('Ctrl Pts',(97.3996554418604,2.,157.627264713779));
#642=CARTESIAN_POINT('Ctrl Pts',(95.5369078841916,2.,157.685949786163));
#643=CARTESIAN_POINT('Ctrl Pts',(94.1410234918654,2.,157.722523540216));
#644=CARTESIAN_POINT('Ctrl Pts',(92.7460458493925,2.,157.752499754163));
#645=CARTESIAN_POINT('Ctrl Pts',(90.8871379758945,2.,157.784638635043));
#646=CARTESIAN_POINT('Ctrl Pts',(88.5652121437268,2.,157.811665666016));
#647=CARTESIAN_POINT('Ctrl Pts',(86.2452074529185,2.,157.824290109579));
#648=CARTESIAN_POINT('Ctrl Pts',(84.3901500287578,2.,157.827102800302));
#649=CARTESIAN_POINT('Ctrl Pts',(82.9992596593686,2.,157.825835460445));
#650=CARTESIAN_POINT('Ctrl Pts',(81.608693088704,2.,157.821439474754));
#651=CARTESIAN_POINT('Ctrl Pts',(80.6817963916022,2.,157.816564120528));
#652=CARTESIAN_POINT('Ctrl Pts',(80.2141990447426,2.,157.813645910961));
#653=CARTESIAN_POINT('Ctrl Pts',(80.2100387144851,2.,157.813619946923));
#654=CARTESIAN_POINT('Ctrl Pts',(80.2058783842276,2.,157.813593982884));
#655=CARTESIAN_POINT('Ctrl Pts',(116.978259069655,1.40160139931623,147.90972062754));
#656=CARTESIAN_POINT('Ctrl Pts',(116.978474796437,1.40160139931623,147.91819916836));
#657=CARTESIAN_POINT('Ctrl Pts',(116.978690523218,1.40160139931623,147.92667770918));
#658=CARTESIAN_POINT('Ctrl Pts',(116.985241256856,1.40160139931622,148.184136065181));
#659=CARTESIAN_POINT('Ctrl Pts',(116.991762307217,1.40160139931623,148.67923319615));
#660=CARTESIAN_POINT('Ctrl Pts',(116.967889785004,1.40160139931623,149.408248353586));
#661=CARTESIAN_POINT('Ctrl Pts',(116.832328901166,1.40160139931623,150.388870117133));
#662=CARTESIAN_POINT('Ctrl Pts',(116.634771750549,1.40160139931623,151.066191063986));
#663=CARTESIAN_POINT('Ctrl Pts',(116.424119147754,1.40160139931622,151.614953554831));
#664=CARTESIAN_POINT('Ctrl Pts',(116.312440101061,1.40160139931623,151.886727509153));
#665=CARTESIAN_POINT('Ctrl Pts',(116.158103895403,1.40160139931622,152.228012770254));
#666=CARTESIAN_POINT('Ctrl Pts',(115.939412913497,1.40160139931623,152.646898698101));
#667=CARTESIAN_POINT('Ctrl Pts',(115.575866977779,1.40160139931622,153.23860231189));
#668=CARTESIAN_POINT('Ctrl Pts',(114.999363968446,1.40160139931623,153.917983437272));
#669=CARTESIAN_POINT('Ctrl Pts',(114.3638219208,1.40160139931623,154.49041505713));
#670=CARTESIAN_POINT('Ctrl Pts',(113.669444459057,1.40160139931623,155.041007510341));
#671=CARTESIAN_POINT('Ctrl Pts',(112.523245680295,1.40160139931623,155.713980126911));
#672=CARTESIAN_POINT('Ctrl Pts',(111.436012613046,1.40160139931623,156.083616343464));
#673=CARTESIAN_POINT('Ctrl Pts',(110.42738892112,1.40160139931623,156.354323859317));
#674=CARTESIAN_POINT('Ctrl Pts',(109.433626928349,1.40160139931622,156.571583253019));
#675=CARTESIAN_POINT('Ctrl Pts',(107.736042244205,1.40160139931623,156.866433623255));
#676=CARTESIAN_POINT('Ctrl Pts',(105.359086710075,1.40160139931623,157.145323234711));
#677=CARTESIAN_POINT('Ctrl Pts',(102.538545936262,1.40160139931624,157.373068238791));
#678=CARTESIAN_POINT('Ctrl Pts',(99.731392815892,1.40160139931623,157.532466385939));
#679=CARTESIAN_POINT('Ctrl Pts',(97.3996554418604,1.40160139931623,157.627264713779));
#680=CARTESIAN_POINT('Ctrl Pts',(95.5369078841916,1.40160139931623,157.685949786163));
#681=CARTESIAN_POINT('Ctrl Pts',(94.1410234918654,1.40160139931623,157.722523540216));
#682=CARTESIAN_POINT('Ctrl Pts',(92.7460458493925,1.40160139931624,157.752499754163));
#683=CARTESIAN_POINT('Ctrl Pts',(90.8871379758945,1.40160139931623,157.784638635043));
#684=CARTESIAN_POINT('Ctrl Pts',(88.5652121437268,1.40160139931623,157.811665666016));
#685=CARTESIAN_POINT('Ctrl Pts',(86.2452074529185,1.40160139931623,157.824290109579));
#686=CARTESIAN_POINT('Ctrl Pts',(84.3901500287578,1.40160139931623,157.827102800302));
#687=CARTESIAN_POINT('Ctrl Pts',(82.9992596593686,1.40160139931623,157.825835460445));
#688=CARTESIAN_POINT('Ctrl Pts',(81.608693088704,1.40160139931623,157.821439474754));
#689=CARTESIAN_POINT('Ctrl Pts',(80.6817963916022,1.40160139931623,157.816564120528));
#690=CARTESIAN_POINT('Ctrl Pts',(80.2141990447426,1.40160139931623,157.813645910961));
#691=CARTESIAN_POINT('Ctrl Pts',(80.2100387144851,1.40160139931623,157.813619946923));
#692=CARTESIAN_POINT('Ctrl Pts',(80.2058783842276,1.40160139931623,157.813593982884));
#693=CARTESIAN_POINT('Ctrl Pts',(116.475788034558,0.366050443258061,147.922505428791));
#694=CARTESIAN_POINT('Ctrl Pts',(116.476003761339,0.366050443258061,147.930983969611));
#695=CARTESIAN_POINT('Ctrl Pts',(116.476219488121,0.366050443258062,147.939462510431));
#696=CARTESIAN_POINT('Ctrl Pts',(116.482500562239,0.366050443258102,148.195635214729));
#697=CARTESIAN_POINT('Ctrl Pts',(116.489215569165,0.366050443258095,148.676116683241));
#698=CARTESIAN_POINT('Ctrl Pts',(116.465881795983,0.366050443258083,149.371589066552));
#699=CARTESIAN_POINT('Ctrl Pts',(116.340516348921,0.366050443258084,150.276527648897));
#700=CARTESIAN_POINT('Ctrl Pts',(116.156258044452,0.36605044325807,150.911424660172));
#701=CARTESIAN_POINT('Ctrl Pts',(115.95685099579,0.366050443258073,151.431267108438));
#702=CARTESIAN_POINT('Ctrl Pts',(115.851241862261,0.366050443258072,151.68801400684));
#703=CARTESIAN_POINT('Ctrl Pts',(115.705489233669,0.36605044325807,152.010368164583));
#704=CARTESIAN_POINT('Ctrl Pts',(115.501501197251,0.366050443258072,152.400651223112));
#705=CARTESIAN_POINT('Ctrl Pts',(115.168021561644,0.366050443258069,152.943048651256));
#706=CARTESIAN_POINT('Ctrl Pts',(114.642847797208,0.366050443258069,153.562588489388));
#707=CARTESIAN_POINT('Ctrl Pts',(114.037916197668,0.366050443258068,154.108497935747));
#708=CARTESIAN_POINT('Ctrl Pts',(113.381146878657,0.366050443258067,154.628163378703));
#709=CARTESIAN_POINT('Ctrl Pts',(112.321592008581,0.366050443258067,155.249955364049));
#710=CARTESIAN_POINT('Ctrl Pts',(111.287737595051,0.366050443258068,155.604167456874));
#711=CARTESIAN_POINT('Ctrl Pts',(110.309590974997,0.366050443258066,155.866035352228));
#712=CARTESIAN_POINT('Ctrl Pts',(109.338681993565,0.366050443258063,156.078422427542));
#713=CARTESIAN_POINT('Ctrl Pts',(107.667586321166,0.366050443258065,156.368519164104));
#714=CARTESIAN_POINT('Ctrl Pts',(105.310880983066,0.366050443258062,156.645099781059));
#715=CARTESIAN_POINT('Ctrl Pts',(102.504877845993,0.366050443258069,156.871561758799));
#716=CARTESIAN_POINT('Ctrl Pts',(99.7073422578402,0.366050443258061,157.030406238442));
#717=CARTESIAN_POINT('Ctrl Pts',(97.3814156017683,0.366050443258066,157.124965354853));
#718=CARTESIAN_POINT('Ctrl Pts',(95.5224616794859,0.366050443258063,157.183520307868));
#719=CARTESIAN_POINT('Ctrl Pts',(94.1290882547811,0.366050443258064,157.220033792942));
#720=CARTESIAN_POINT('Ctrl Pts',(92.7363381223491,0.366050443258066,157.249958415861));
#721=CARTESIAN_POINT('Ctrl Pts',(90.8800936889659,0.366050443258063,157.282053100573));
#722=CARTESIAN_POINT('Ctrl Pts',(88.5610112985165,0.366050443258061,157.309046071584));
#723=CARTESIAN_POINT('Ctrl Pts',(86.243382240196,0.366050443258066,157.321658940629));
#724=CARTESIAN_POINT('Ctrl Pts',(84.390013591271,0.366050443258065,157.324468548921));
#725=CARTESIAN_POINT('Ctrl Pts',(83.0002966149384,0.366050443258064,157.323202598036));
#726=CARTESIAN_POINT('Ctrl Pts',(81.6108214980472,0.366050443258066,157.318809884294));
#727=CARTESIAN_POINT('Ctrl Pts',(80.6846042601662,0.366050443258064,157.31393824673));
#728=CARTESIAN_POINT('Ctrl Pts',(80.217335849923,0.366050443258044,157.311022042937));
#729=CARTESIAN_POINT('Ctrl Pts',(80.2131755196655,0.366050443258069,157.310996078898));
#730=CARTESIAN_POINT('Ctrl Pts',(80.2090151894081,0.366050443258059,157.310970114859));
#731=CARTESIAN_POINT('Ctrl Pts',(115.427559892422,-1.91540928318371E-15,
147.949176395924));
#732=CARTESIAN_POINT('Ctrl Pts',(115.427775619204,-1.91540381782011E-15,
147.957654936744));
#733=CARTESIAN_POINT('Ctrl Pts',(115.427991345985,-1.91540381782011E-15,
147.966133477564));
#734=CARTESIAN_POINT('Ctrl Pts',(115.434094964609,6.70078349556926E-14,
148.211569683181));
#735=CARTESIAN_POINT('Ctrl Pts',(115.440160142054,4.43964582350446E-14,
148.677530461247));
#736=CARTESIAN_POINT('Ctrl Pts',(115.418819954826,3.61964817630735E-14,
149.291384018466));
#737=CARTESIAN_POINT('Ctrl Pts',(115.313740683277,2.90752930700594E-14,
150.043840254269));
#738=CARTESIAN_POINT('Ctrl Pts',(115.158178587467,1.82269901822868E-14,
150.587015509841));
#739=CARTESIAN_POINT('Ctrl Pts',(114.982241382379,1.67841908784851E-14,
151.044973816772));
#740=CARTESIAN_POINT('Ctrl Pts',(114.88904600796,1.65758325900819E-14,151.271679242574));
#741=CARTESIAN_POINT('Ctrl Pts',(114.761597465878,1.54745125489063E-14,
151.553275627852));
#742=CARTESIAN_POINT('Ctrl Pts',(114.58767779891,1.50553834481532E-14,151.885549976082));
#743=CARTESIAN_POINT('Ctrl Pts',(114.317636378999,1.29301256272233E-14,
152.323517393993));
#744=CARTESIAN_POINT('Ctrl Pts',(113.899199537162,1.20457844112775E-14,
152.819053735432));
#745=CARTESIAN_POINT('Ctrl Pts',(113.358179749018,9.65320442790173E-15,
153.310765649057));
#746=CARTESIAN_POINT('Ctrl Pts',(112.779808058447,8.7327728022875E-15,153.764985645701));
#747=CARTESIAN_POINT('Ctrl Pts',(111.902022836176,7.88556780060416E-15,
154.280943482063));
#748=CARTESIAN_POINT('Ctrl Pts',(110.979958278746,6.28273134253945E-15,
154.602387189524));
#749=CARTESIAN_POINT('Ctrl Pts',(110.064278152802,5.03905640982622E-15,
154.846242220845));
#750=CARTESIAN_POINT('Ctrl Pts',(109.141735765266,3.88666471012189E-15,
155.048673070753));
#751=CARTESIAN_POINT('Ctrl Pts',(107.524919276483,2.71614414314257E-15,
155.32923196093));
#752=CARTESIAN_POINT('Ctrl Pts',(105.210551714514,2.27460936640626E-15,
155.601340544717));
#753=CARTESIAN_POINT('Ctrl Pts',(102.434648200835,3.6503775230416E-15,155.825235141219));
#754=CARTESIAN_POINT('Ctrl Pts',(99.6572049596561,5.41499666438579E-16,
155.983033867381));
#755=CARTESIAN_POINT('Ctrl Pts',(97.3433587934164,1.99747885880289E-15,
156.07706694786));
#756=CARTESIAN_POINT('Ctrl Pts',(95.4923328145444,1.22855685988964E-15,
156.135386539769));
#757=CARTESIAN_POINT('Ctrl Pts',(94.1041884457394,1.2925975734431E-15,156.171757257439));
#758=CARTESIAN_POINT('Ctrl Pts',(92.7160892570473,2.25914644962337E-15,
156.201585033025));
#759=CARTESIAN_POINT('Ctrl Pts',(90.8653976793278,1.04244313067595E-15,
156.233582653898));
#760=CARTESIAN_POINT('Ctrl Pts',(88.5522480473917,-1.47170403358149E-16,
156.260509166235));
#761=CARTESIAN_POINT('Ctrl Pts',(86.2395747386481,2.27285486026566E-15,
156.273095659591));
#762=CARTESIAN_POINT('Ctrl Pts',(84.3897291954642,2.45856887209232E-15,
156.275900271665));
#763=CARTESIAN_POINT('Ctrl Pts',(83.0024598297502,2.08717611397663E-15,
156.274636528249));
#764=CARTESIAN_POINT('Ctrl Pts',(81.6152617984919,2.57717333493081E-15,
156.270251168474));
#765=CARTESIAN_POINT('Ctrl Pts',(80.6904617946588,2.24784563854208E-15,
156.265386970611));
#766=CARTESIAN_POINT('Ctrl Pts',(80.223879684765,-3.19845532336359E-14,
156.26247506894));
#767=CARTESIAN_POINT('Ctrl Pts',(80.2197193545075,-4.85134954854724E-15,
156.262449104901));
#768=CARTESIAN_POINT('Ctrl Pts',(80.2155590242501,-1.18070616647026E-14,
156.262423140862));
#769=CARTESIAN_POINT('Ctrl Pts',(114.978906145357,-1.94289029309402E-15,
147.960591877785));
#770=CARTESIAN_POINT('Ctrl Pts',(114.979121872139,-1.94288482773042E-15,
147.969070418605));
#771=CARTESIAN_POINT('Ctrl Pts',(114.97933759892,-1.94288482773042E-15,
147.977548959424));
#772=CARTESIAN_POINT('Ctrl Pts',(114.985430697691,6.69803539457823E-14,
148.217021250471));
#773=CARTESIAN_POINT('Ctrl Pts',(114.991038573681,4.43689772251342E-14,
148.679480498244));
#774=CARTESIAN_POINT('Ctrl Pts',(114.970699435232,3.61690007531632E-14,
149.256421819923));
#775=CARTESIAN_POINT('Ctrl Pts',(114.874135855013,2.90478120601491E-14,
149.944532045262));
#776=CARTESIAN_POINT('Ctrl Pts',(114.731017974349,1.81995091723765E-14,
150.447902337955));
#777=CARTESIAN_POINT('Ctrl Pts',(114.56512782755,1.67567098685748E-14,150.879109691369));
#778=CARTESIAN_POINT('Ctrl Pts',(114.47720338192,1.65483515801716E-14,151.093179126986));
#779=CARTESIAN_POINT('Ctrl Pts',(114.357656739326,1.5447031538996E-14,151.357115820486));
#780=CARTESIAN_POINT('Ctrl Pts',(114.196504031417,1.50279024382429E-14,
151.664844010187));
#781=CARTESIAN_POINT('Ctrl Pts',(113.953736476343,1.2902644617313E-14,152.057847396682));
#782=CARTESIAN_POINT('Ctrl Pts',(113.580925921454,1.20183034013672E-14,
152.500450551037));
#783=CARTESIAN_POINT('Ctrl Pts',(113.067270290868,9.62572341799141E-15,
152.969157571263));
#784=CARTESIAN_POINT('Ctrl Pts',(112.522443756634,8.70529179237719E-15,
153.395208620463));
#785=CARTESIAN_POINT('Ctrl Pts',(111.722630976374,7.85808679069385E-15,
153.866027283374));
#786=CARTESIAN_POINT('Ctrl Pts',(110.848487539893,6.25525033262914E-15,
154.173345255057));
#787=CARTESIAN_POINT('Ctrl Pts',(109.959354655655,5.01157539991591E-15,
154.409563275513));
#788=CARTESIAN_POINT('Ctrl Pts',(109.057631287115,3.85918370021157E-15,
154.607768112768));
#789=CARTESIAN_POINT('Ctrl Pts',(107.463880267705,2.68866313323226E-15,
154.884309080308));
#790=CARTESIAN_POINT('Ctrl Pts',(105.167649548248,2.24712835649594E-15,
155.154562180363));
#791=CARTESIAN_POINT('Ctrl Pts',(102.404590277726,3.62289651313129E-15,
155.377376462679));
#792=CARTESIAN_POINT('Ctrl Pts',(99.6357516809235,5.14018656528267E-16,
155.534746162231));
#793=CARTESIAN_POINT('Ctrl Pts',(97.3270690491905,1.96999784889258E-15,
155.62854950456));
#794=CARTESIAN_POINT('Ctrl Pts',(95.4794386774306,1.20107584997932E-15,
155.686774490907));
#795=CARTESIAN_POINT('Ctrl Pts',(94.093530843376,1.26511656353279E-15,155.723081207556));
#796=CARTESIAN_POINT('Ctrl Pts',(92.7074229973444,2.23166543971305E-15,
155.752869362896));
#797=CARTESIAN_POINT('Ctrl Pts',(90.859107516295,1.01496212076564E-15,155.784824612832));
#798=CARTESIAN_POINT('Ctrl Pts',(88.5484973302966,-1.7465141326846E-16,
155.811723460914));
#799=CARTESIAN_POINT('Ctrl Pts',(86.2379451111119,2.24537385035535E-15,
155.824298286337));
#800=CARTESIAN_POINT('Ctrl Pts',(84.3896075103258,2.43108786218201E-15,
155.827101003662));
#801=CARTESIAN_POINT('Ctrl Pts',(83.0033857061928,2.05969510406632E-15,
155.825838087803));
#802=CARTESIAN_POINT('Ctrl Pts',(81.6171623199182,2.5496923250205E-15,155.821455965361));
#803=CARTESIAN_POINT('Ctrl Pts',(80.6929688716873,2.22036462863177E-15,
155.816594898458));
#804=CARTESIAN_POINT('Ctrl Pts',(80.2266805216287,-3.30290729119827E-14,
155.813684858157));
#805=CARTESIAN_POINT('Ctrl Pts',(80.2225201913712,-1.58201981689079E-14,
155.813658894118));
#806=CARTESIAN_POINT('Ctrl Pts',(80.2183598611137,-1.58206781009085E-14,
155.81363293008));
#807=CARTESIAN_POINT('',(80.218359375,2.,157.813671875));
#808=CARTESIAN_POINT('',(80.2183598611138,0.,155.81363293008));
#809=CARTESIAN_POINT('Ctrl Pts',(80.218359375,2.,157.813671875));
#810=CARTESIAN_POINT('Ctrl Pts',(80.2159820434243,1.40160139931623,157.813657038407));
#811=CARTESIAN_POINT('Ctrl Pts',(80.2153965729374,0.809857995854409,157.526428559252));
#812=CARTESIAN_POINT('Ctrl Pts',(80.2159244494221,0.436727004735492,157.06093947928));
#813=CARTESIAN_POINT('Ctrl Pts',(80.2163203567856,0.156878761396305,156.711822669301));
#814=CARTESIAN_POINT('Ctrl Pts',(80.2173420229318,-1.02001740387437E-14,
156.262434268308));
#815=CARTESIAN_POINT('Ctrl Pts',(80.2183598611137,-1.57512891618694E-14,
155.81363293008));
#816=CARTESIAN_POINT('',(114.97890625,0.,147.960591875122));
#817=CARTESIAN_POINT('Ctrl Pts',(80.2183598611137,-1.58206781009085E-14,
155.81363293008));
#818=CARTESIAN_POINT('Ctrl Pts',(80.2225201913712,-1.58201981689079E-14,
155.813658894118));
#819=CARTESIAN_POINT('Ctrl Pts',(80.2266805216287,-3.30290729119827E-14,
155.813684858157));
#820=CARTESIAN_POINT('Ctrl Pts',(80.6929688716873,2.22036462863177E-15,
155.816594898458));
#821=CARTESIAN_POINT('Ctrl Pts',(81.6171623199182,2.5496923250205E-15,155.821455965361));
#822=CARTESIAN_POINT('Ctrl Pts',(83.0033857061928,2.05969510406632E-15,
155.825838087803));
#823=CARTESIAN_POINT('Ctrl Pts',(84.3896075103258,2.43108786218201E-15,
155.827101003662));
#824=CARTESIAN_POINT('Ctrl Pts',(86.2379451111119,2.24537385035535E-15,
155.824298286337));
#825=CARTESIAN_POINT('Ctrl Pts',(88.5484973302966,-1.7465141326846E-16,
155.811723460914));
#826=CARTESIAN_POINT('Ctrl Pts',(90.859107516295,1.01496212076564E-15,155.784824612832));
#827=CARTESIAN_POINT('Ctrl Pts',(92.7074229973444,2.23166543971305E-15,
155.752869362896));
#828=CARTESIAN_POINT('Ctrl Pts',(94.093530843376,1.26511656353279E-15,155.723081207556));
#829=CARTESIAN_POINT('Ctrl Pts',(95.4794386774306,1.20107584997932E-15,
155.686774490907));
#830=CARTESIAN_POINT('Ctrl Pts',(97.3270690491905,1.96999784889258E-15,
155.62854950456));
#831=CARTESIAN_POINT('Ctrl Pts',(99.6357516809235,5.14018656528267E-16,
155.534746162231));
#832=CARTESIAN_POINT('Ctrl Pts',(102.404590277726,3.62289651313129E-15,
155.377376462679));
#833=CARTESIAN_POINT('Ctrl Pts',(105.167649548248,2.24712835649594E-15,
155.154562180363));
#834=CARTESIAN_POINT('Ctrl Pts',(107.463880267705,2.68866313323226E-15,
154.884309080308));
#835=CARTESIAN_POINT('Ctrl Pts',(109.057631287115,3.85918370021157E-15,
154.607768112768));
#836=CARTESIAN_POINT('Ctrl Pts',(109.959354655655,5.01157539991591E-15,
154.409563275513));
#837=CARTESIAN_POINT('Ctrl Pts',(110.848487539893,6.25525033262914E-15,
154.173345255057));
#838=CARTESIAN_POINT('Ctrl Pts',(111.722630976374,7.85808679069385E-15,
153.866027283374));
#839=CARTESIAN_POINT('Ctrl Pts',(112.522443756634,8.70529179237719E-15,
153.395208620463));
#840=CARTESIAN_POINT('Ctrl Pts',(113.067270290868,9.62572341799141E-15,
152.969157571263));
#841=CARTESIAN_POINT('Ctrl Pts',(113.580925921454,1.20183034013672E-14,
152.500450551037));
#842=CARTESIAN_POINT('Ctrl Pts',(113.953736476343,1.2902644617313E-14,152.057847396682));
#843=CARTESIAN_POINT('Ctrl Pts',(114.196504031417,1.50279024382429E-14,
151.664844010187));
#844=CARTESIAN_POINT('Ctrl Pts',(114.357656739326,1.5447031538996E-14,151.357115820486));
#845=CARTESIAN_POINT('Ctrl Pts',(114.47720338192,1.65483515801716E-14,151.093179126986));
#846=CARTESIAN_POINT('Ctrl Pts',(114.56512782755,1.67567098685748E-14,150.879109691369));
#847=CARTESIAN_POINT('Ctrl Pts',(114.731017974349,1.81995091723765E-14,
150.447902337955));
#848=CARTESIAN_POINT('Ctrl Pts',(114.874135855013,2.90478120601491E-14,
149.944532045262));
#849=CARTESIAN_POINT('Ctrl Pts',(114.970699435232,3.61690007531632E-14,
149.256421819923));
#850=CARTESIAN_POINT('Ctrl Pts',(114.991038573681,4.43689772251342E-14,
148.679480498244));
#851=CARTESIAN_POINT('Ctrl Pts',(114.985430697691,6.69803539457823E-14,
148.217021250471));
#852=CARTESIAN_POINT('Ctrl Pts',(114.97933759892,-1.94288482773042E-15,
147.977548959424));
#853=CARTESIAN_POINT('Ctrl Pts',(114.979121872139,-1.94288482773042E-15,
147.969070418605));
#854=CARTESIAN_POINT('Ctrl Pts',(114.978906145357,-1.94289029309402E-15,
147.960591877785));
#855=CARTESIAN_POINT('',(116.97890625,2.,147.93515625));
#856=CARTESIAN_POINT('Origin',(114.97890625,1.99999999999955,147.960595990482));
#857=CARTESIAN_POINT('Ctrl Pts',(116.97890625,2.,147.935156250003));
#858=CARTESIAN_POINT('Ctrl Pts',(116.978911642192,2.,147.935368175106));
#859=CARTESIAN_POINT('Ctrl Pts',(116.978917042993,2.,147.935580438564));
#860=CARTESIAN_POINT('Ctrl Pts',(116.985241256856,2.,148.184136065181));
#861=CARTESIAN_POINT('Ctrl Pts',(116.991762307217,2.,148.67923319615));
#862=CARTESIAN_POINT('Ctrl Pts',(116.967889785004,2.,149.408248353586));
#863=CARTESIAN_POINT('Ctrl Pts',(116.832328901166,2.,150.388870117133));
#864=CARTESIAN_POINT('Ctrl Pts',(116.634771750549,1.99999999999999,151.066191063986));
#865=CARTESIAN_POINT('Ctrl Pts',(116.424119147754,1.99999999999999,151.614953554831));
#866=CARTESIAN_POINT('Ctrl Pts',(116.312440101061,1.99999999999999,151.886727509153));
#867=CARTESIAN_POINT('Ctrl Pts',(116.158103895403,1.99999999999999,152.228012770254));
#868=CARTESIAN_POINT('Ctrl Pts',(115.939412913497,1.99999999999999,152.646898698101));
#869=CARTESIAN_POINT('Ctrl Pts',(115.575866977779,2.,153.23860231189));
#870=CARTESIAN_POINT('Ctrl Pts',(114.999363968446,2.,153.917983437272));
#871=CARTESIAN_POINT('Ctrl Pts',(114.3638219208,2.,154.49041505713));
#872=CARTESIAN_POINT('Ctrl Pts',(113.669444459057,2.,155.041007510341));
#873=CARTESIAN_POINT('Ctrl Pts',(112.523245680295,2.,155.713980126911));
#874=CARTESIAN_POINT('Ctrl Pts',(111.436012613046,2.,156.083616343464));
#875=CARTESIAN_POINT('Ctrl Pts',(110.42738892112,2.,156.354323859317));
#876=CARTESIAN_POINT('Ctrl Pts',(109.433626928349,2.,156.571583253019));
#877=CARTESIAN_POINT('Ctrl Pts',(107.736042244205,2.,156.866433623255));
#878=CARTESIAN_POINT('Ctrl Pts',(105.359086710075,2.,157.145323234711));
#879=CARTESIAN_POINT('Ctrl Pts',(102.538545936262,2.,157.373068238791));
#880=CARTESIAN_POINT('Ctrl Pts',(99.731392815892,2.,157.532466385939));
#881=CARTESIAN_POINT('Ctrl Pts',(97.3996554418604,2.,157.627264713779));
#882=CARTESIAN_POINT('Ctrl Pts',(95.5369078841916,2.,157.685949786163));
#883=CARTESIAN_POINT('Ctrl Pts',(94.1410234918654,2.,157.722523540216));
#884=CARTESIAN_POINT('Ctrl Pts',(92.7460458493925,2.,157.752499754163));
#885=CARTESIAN_POINT('Ctrl Pts',(90.8871379758945,2.,157.784638635043));
#886=CARTESIAN_POINT('Ctrl Pts',(88.5652121437268,2.,157.811665666016));
#887=CARTESIAN_POINT('Ctrl Pts',(86.2452074529185,2.,157.824290109579));
#888=CARTESIAN_POINT('Ctrl Pts',(84.3901500287578,2.,157.827102800302));
#889=CARTESIAN_POINT('Ctrl Pts',(82.9992596593686,2.,157.825835460445));
#890=CARTESIAN_POINT('Ctrl Pts',(81.608693088704,2.,157.821439474754));
#891=CARTESIAN_POINT('Ctrl Pts',(80.6817963916022,2.,157.816564120528));
#892=CARTESIAN_POINT('Ctrl Pts',(80.2183671611107,2.,157.813671923592));
#893=CARTESIAN_POINT('Ctrl Pts',(80.2183632680657,2.,157.813671899296));
#894=CARTESIAN_POINT('Ctrl Pts',(80.2183593750308,2.,157.813671875));
#895=CARTESIAN_POINT('Origin',(114.97890625,2.,114.378343965543));
#896=CARTESIAN_POINT('',(116.97890625,2.,40.48125));
#897=CARTESIAN_POINT('Ctrl Pts',(116.864205717066,1.33243283522924,12.5170982623948));
#898=CARTESIAN_POINT('Ctrl Pts',(116.875132362174,1.36329115074591,15.1810297539881));
#899=CARTESIAN_POINT('Ctrl Pts',(116.894624030547,1.42465070391711,19.9331260002979));
#900=CARTESIAN_POINT('Ctrl Pts',(116.911384893193,1.48384234538397,24.019447957921));
#901=CARTESIAN_POINT('Ctrl Pts',(116.925502901265,1.54005414452308,27.4614382422776));
#902=CARTESIAN_POINT('Ctrl Pts',(116.937260585804,1.59313501642972,30.3279783194447));
#903=CARTESIAN_POINT('Ctrl Pts',(116.946932255891,1.64296664499137,32.6859451304103));
#904=CARTESIAN_POINT('Ctrl Pts',(116.954780607952,1.68946075555331,34.5993844346463));
#905=CARTESIAN_POINT('Ctrl Pts',(116.961054010358,1.73255642230677,36.1288487911539));
#906=CARTESIAN_POINT('Ctrl Pts',(116.96598440009,1.77221750713919,37.3308847631475));
#907=CARTESIAN_POINT('Ctrl Pts',(116.969785731539,1.80843036236312,38.2576547328691));
#908=CARTESIAN_POINT('Ctrl Pts',(116.972652913266,1.84120192238926,38.956677682595));
#909=CARTESIAN_POINT('Ctrl Pts',(116.974761169423,1.87055830883381,39.4706735078903));
#910=CARTESIAN_POINT('Ctrl Pts',(116.976265767638,1.89654408168985,39.8374966752874));
#911=CARTESIAN_POINT('Ctrl Pts',(116.977302063861,1.91922228766271,40.0901471562985));
#912=CARTESIAN_POINT('Ctrl Pts',(116.97890625,1.96486173759266,40.4812499999957));
#913=CARTESIAN_POINT('Ctrl Pts',(116.97890625,2.,40.4812499999957));
#914=CARTESIAN_POINT('',(116.97890625,2.,114.378343965543));
#915=CARTESIAN_POINT('',(114.97890625,0.,114.378343965543));
#916=CARTESIAN_POINT('Ctrl Pts',(45.4578124999831,0.,147.960595991143));
#917=CARTESIAN_POINT('Ctrl Pts',(45.457596808088,0.,147.969073160843));
#918=CARTESIAN_POINT('Ctrl Pts',(45.4573832905989,0.,147.977552411869));
#919=CARTESIAN_POINT('Ctrl Pts',(45.4529914113338,0.,148.147663539789));
#920=CARTESIAN_POINT('Ctrl Pts',(45.4492084194518,0.,148.470816214649));
#921=CARTESIAN_POINT('Ctrl Pts',(45.452105728435,0.,149.118461049384));
#922=CARTESIAN_POINT('Ctrl Pts',(45.5098994237383,0.,149.642187068446));
#923=CARTESIAN_POINT('Ctrl Pts',(45.619041218404,0.,150.116695295612));
#924=CARTESIAN_POINT('Ctrl Pts',(45.7053214393193,0.,150.429209648593));
#925=CARTESIAN_POINT('Ctrl Pts',(45.8548170567444,0.,150.848125893623));
#926=CARTESIAN_POINT('Ctrl Pts',(46.0464860036273,0.,151.295370603768));
#927=CARTESIAN_POINT('Ctrl Pts',(46.2711775243024,0.,151.727203924492));
#928=CARTESIAN_POINT('Ctrl Pts',(46.5400775489848,0.,152.130631605786));
#929=CARTESIAN_POINT('Ctrl Pts',(46.9697777148007,0.,152.615520829024));
#930=CARTESIAN_POINT('Ctrl Pts',(47.4568425796915,0.,153.045177358933));
#931=CARTESIAN_POINT('Ctrl Pts',(47.9763807291643,0.,153.42764595565));
#932=CARTESIAN_POINT('Ctrl Pts',(48.533156893407,0.,153.761272103783));
#933=CARTESIAN_POINT('Ctrl Pts',(49.5798053380451,0.,154.197293654177));
#934=CARTESIAN_POINT('Ctrl Pts',(51.1491618957056,0.,154.577731503401));
#935=CARTESIAN_POINT('Ctrl Pts',(53.0653896764998,0.,154.893347601));
#936=CARTESIAN_POINT('Ctrl Pts',(54.9939068028533,0.,155.118102661612));
#937=CARTESIAN_POINT('Ctrl Pts',(56.9264655074821,0.,155.291460748615));
#938=CARTESIAN_POINT('Ctrl Pts',(58.8629268350128,0.,155.425208763793));
#939=CARTESIAN_POINT('Ctrl Pts',(60.8010293926938,0.,155.531047669573));
#940=CARTESIAN_POINT('Ctrl Pts',(62.740263596828,0.,155.614350695288));
#941=CARTESIAN_POINT('Ctrl Pts',(64.6800802452213,0.,155.679867993131));
#942=CARTESIAN_POINT('Ctrl Pts',(66.6203779387187,0.,155.730540153373));
#943=CARTESIAN_POINT('Ctrl Pts',(68.5610094967241,0.,155.768777238629));
#944=CARTESIAN_POINT('Ctrl Pts',(70.5018533641183,0.,155.796330828491));
#945=CARTESIAN_POINT('Ctrl Pts',(72.4427572382106,0.,155.814613967767));
#946=CARTESIAN_POINT('Ctrl Pts',(74.3836088290781,0.,155.824744021783));
#947=CARTESIAN_POINT('Ctrl Pts',(76.3243624514196,0.,155.827637765905));
#948=CARTESIAN_POINT('Ctrl Pts',(78.2650589092424,0.,155.824046903667));
#949=CARTESIAN_POINT('Ctrl Pts',(79.5588987588052,0.,155.817748530223));
#950=CARTESIAN_POINT('Ctrl Pts',(80.2100385520414,0.,155.813684856128));
#951=CARTESIAN_POINT('Ctrl Pts',(80.2141992067552,0.,155.813658890074));
#952=CARTESIAN_POINT('Ctrl Pts',(80.2183598610759,0.,155.813632924013));
#953=CARTESIAN_POINT('Ctrl Pts',(44.8596075038966,0.,147.945375348662));
#954=CARTESIAN_POINT('Ctrl Pts',(44.8593741781817,1.82353646901314E-25,
147.953919446182));
#955=CARTESIAN_POINT('Ctrl Pts',(44.8592019601572,-2.37769785730011E-25,
147.962225504908));
#956=CARTESIAN_POINT('Ctrl Pts',(44.8543184305747,4.38955524659912E-24,
148.135282129356));
#957=CARTESIAN_POINT('Ctrl Pts',(44.8514127582511,-7.38339658533408E-24,
148.469844234969));
#958=CARTESIAN_POINT('Ctrl Pts',(44.8525495577623,1.21435430243409E-23,
149.140580246286));
#959=CARTESIAN_POINT('Ctrl Pts',(44.9179093629542,-1.39129992608765E-23,
149.740919446566));
#960=CARTESIAN_POINT('Ctrl Pts',(45.0390200132172,1.4816195328299E-23,150.263960482853));
#961=CARTESIAN_POINT('Ctrl Pts',(45.1354978675593,-5.8686688319068E-23,
150.61400658623));
#962=CARTESIAN_POINT('Ctrl Pts',(45.2972419973357,1.0385812576909E-22,151.066281760295));
#963=CARTESIAN_POINT('Ctrl Pts',(45.5045641065576,-1.70679611789466E-22,
151.550157634938));
#964=CARTESIAN_POINT('Ctrl Pts',(45.7523185051335,2.51691949987444E-22,
152.027782840595));
#965=CARTESIAN_POINT('Ctrl Pts',(46.0655750601266,-4.61923411540708E-22,
152.498526199406));
#966=CARTESIAN_POINT('Ctrl Pts',(46.5574572085363,1.18543492154595E-21,
153.051538385026));
#967=CARTESIAN_POINT('Ctrl Pts',(47.0733958347296,-2.11344146947497E-21,
153.505059924146));
#968=CARTESIAN_POINT('Ctrl Pts',(47.6422350828487,2.82351321039096E-21,
153.925458614621));
#969=CARTESIAN_POINT('Ctrl Pts',(48.2703721169644,-7.11887535527305E-21,
154.301353873366));
#970=CARTESIAN_POINT('Ctrl Pts',(49.4118959628051,1.698343936952E-20,154.774385560952));
#971=CARTESIAN_POINT('Ctrl Pts',(51.0330770785343,-3.47408419541081E-20,
155.164364977038));
#972=CARTESIAN_POINT('Ctrl Pts',(52.985272692566,6.33026997680001E-20,155.487015393729));
#973=CARTESIAN_POINT('Ctrl Pts',(54.9329667863826,-1.37634997569897E-19,
155.713144799143));
#974=CARTESIAN_POINT('Ctrl Pts',(56.8800843035022,2.74071814840572E-19,
155.888277879537));
#975=CARTESIAN_POINT('Ctrl Pts',(58.8262116654222,-5.25544668876978E-19,
156.022401645416));
#976=CARTESIAN_POINT('Ctrl Pts',(60.7722283431844,9.96565804451713E-19,
156.128819193877));
#977=CARTESIAN_POINT('Ctrl Pts',(62.717462952709,-1.88320113464371E-18,
156.212294281482));
#978=CARTESIAN_POINT('Ctrl Pts',(64.6623305514277,3.55038722889121E-18,
156.278024426551));
#979=CARTESIAN_POINT('Ctrl Pts',(66.606763922526,-6.64973083312156E-18,
156.328779676268));
#980=CARTESIAN_POINT('Ctrl Pts',(68.5509554542924,1.21091959931396E-17,
156.367098765996));
#981=CARTESIAN_POINT('Ctrl Pts',(70.4948486329815,-1.92677544126651E-17,
156.394688313326));
#982=CARTESIAN_POINT('Ctrl Pts',(72.4384307153894,4.27639026079407E-17,
156.412999949021));
#983=CARTESIAN_POINT('Ctrl Pts',(74.3816424174566,-8.5879914958478E-17,
156.423140064552));
#984=CARTESIAN_POINT('Ctrl Pts',(76.3245056651321,1.78588888676995E-16,
156.426037878895));
#985=CARTESIAN_POINT('Ctrl Pts',(78.2670980054066,-4.6059716755666E-16,
156.422442610166));
#986=CARTESIAN_POINT('Ctrl Pts',(79.5620852915982,1.26574759885462E-15,
156.416139073451));
#987=CARTESIAN_POINT('Ctrl Pts',(80.2137757865422,-5.34707291732891E-15,
156.412071783569));
#988=CARTESIAN_POINT('Ctrl Pts',(80.2179317925833,-5.30314899544097E-15,
156.412045852178));
#989=CARTESIAN_POINT('Ctrl Pts',(80.2220943102274,-5.34791230732238E-15,
156.412019871723));
#990=CARTESIAN_POINT('Ctrl Pts',(43.8243806162837,0.502624509171703,147.919035183592));
#991=CARTESIAN_POINT('Ctrl Pts',(43.8241560079907,0.502624509171704,147.927546194801));
#992=CARTESIAN_POINT('Ctrl Pts',(43.823971622814,0.502624509171704,147.935692924626));
#993=CARTESIAN_POINT('Ctrl Pts',(43.8190921417508,0.502624509171701,148.114287819054));
#994=CARTESIAN_POINT('Ctrl Pts',(43.8162762174713,0.502624509171703,148.465644823087));
#995=CARTESIAN_POINT('Ctrl Pts',(43.8152981483794,0.502624509171703,149.179563137508));
#996=CARTESIAN_POINT('Ctrl Pts',(43.8934846341767,0.502624509171702,149.909793495842));
#997=CARTESIAN_POINT('Ctrl Pts',(44.0351481785248,0.502624509171704,150.520116623265));
#998=CARTESIAN_POINT('Ctrl Pts',(44.1491926095251,0.502624509171702,150.934059643806));
#999=CARTESIAN_POINT('Ctrl Pts',(44.3323279116102,0.502624509171702,151.444687037115));
#1000=CARTESIAN_POINT('Ctrl Pts',(44.5663166350641,0.502624509171702,151.990877336832));
#1001=CARTESIAN_POINT('Ctrl Pts',(44.8542348048909,0.502624509171701,152.548495758725));
#1002=CARTESIAN_POINT('Ctrl Pts',(45.244432637463,0.502624509171702,153.135584239414));
#1003=CARTESIAN_POINT('Ctrl Pts',(45.8449415337244,0.502624509171703,153.807801266958));
#1004=CARTESIAN_POINT('Ctrl Pts',(46.4095816330155,0.502624509171701,154.301373077987));
#1005=CARTESIAN_POINT('Ctrl Pts',(47.0649184585698,0.502624509171703,154.787939045286));
#1006=CARTESIAN_POINT('Ctrl Pts',(47.8145591029736,0.502624509171702,155.235813555938));
#1007=CARTESIAN_POINT('Ctrl Pts',(49.1229736098017,0.502624509171703,155.774506375566));
#1008=CARTESIAN_POINT('Ctrl Pts',(50.831773048172,0.502624509171703,156.179730611976));
#1009=CARTESIAN_POINT('Ctrl Pts',(52.8471662876013,0.502624509171704,156.514756713306));
#1010=CARTESIAN_POINT('Ctrl Pts',(54.8274170537925,0.502624509171703,156.742992274056));
#1011=CARTESIAN_POINT('Ctrl Pts',(56.7997015280742,0.502624509171704,156.921010934806));
#1012=CARTESIAN_POINT('Ctrl Pts',(58.7627470903449,0.502624509171704,157.055972143396));
#1013=CARTESIAN_POINT('Ctrl Pts',(60.7223153186424,0.502624509171703,157.163242368754));
#1014=CARTESIAN_POINT('Ctrl Pts',(62.6780446442345,0.502624509171703,157.247107589642));
#1015=CARTESIAN_POINT('Ctrl Pts',(64.631591675269,0.502624509171704,157.313146687384));
#1016=CARTESIAN_POINT('Ctrl Pts',(66.5832231392513,0.502624509171702,157.364079634484));
#1017=CARTESIAN_POINT('Ctrl Pts',(68.5335708491366,0.502624509171705,157.40251969052));
#1018=CARTESIAN_POINT('Ctrl Pts',(70.4827434095242,0.502624509171703,157.430183642141));
#1019=CARTESIAN_POINT('Ctrl Pts',(72.4310253984276,0.502624509171705,157.448537458658));
#1020=CARTESIAN_POINT('Ctrl Pts',(74.3782854146092,0.502624509171703,157.458698741179));
#1021=CARTESIAN_POINT('Ctrl Pts',(76.325100089689,0.502624509171706,157.461599498286));
#1022=CARTESIAN_POINT('Ctrl Pts',(78.2706898603054,0.502624509171703,157.457999825192));
#1023=CARTESIAN_POINT('Ctrl Pts',(79.5687518380561,0.502624509171715,157.451679485912));
#1024=CARTESIAN_POINT('Ctrl Pts',(80.2202373765196,0.502624509171695,157.447613556691));
#1025=CARTESIAN_POINT('Ctrl Pts',(80.2243953848859,0.502624509171695,157.44758761004));
#1026=CARTESIAN_POINT('Ctrl Pts',(80.228556981381,0.502624509171695,157.447561636701));
#1027=CARTESIAN_POINT('Ctrl Pts',(43.4584595756852,1.55120104948717,147.909724740899));
#1028=CARTESIAN_POINT('Ctrl Pts',(43.4582438837901,1.55120104948717,147.918201910599));
#1029=CARTESIAN_POINT('Ctrl Pts',(43.4580427587681,1.55120104948717,147.926313202101));
#1030=CARTESIAN_POINT('Ctrl Pts',(43.4532918507019,1.55120104948717,148.106931282375));
#1031=CARTESIAN_POINT('Ctrl Pts',(43.4502951949037,1.55120104948717,148.463786065669));
#1032=CARTESIAN_POINT('Ctrl Pts',(43.4487081654824,1.55120104948717,149.193447158786));
#1033=CARTESIAN_POINT('Ctrl Pts',(43.5313887969364,1.55120104948717,149.969189670222));
#1034=CARTESIAN_POINT('Ctrl Pts',(43.6802933834105,1.55120104948717,150.610854156259));
#1035=CARTESIAN_POINT('Ctrl Pts',(43.8005350162363,1.55120104948717,151.047226047306));
#1036=CARTESIAN_POINT('Ctrl Pts',(43.9912603620964,1.55120104948717,151.578571783299));
#1037=CARTESIAN_POINT('Ctrl Pts',(44.2346121483712,1.55120104948717,152.146628024786));
#1038=CARTESIAN_POINT('Ctrl Pts',(44.5367644889511,1.55120104948717,152.732632822163));
#1039=CARTESIAN_POINT('Ctrl Pts',(44.954185457223,1.55120104948717,153.360823675815));
#1040=CARTESIAN_POINT('Ctrl Pts',(45.5932418969735,1.55120104948717,154.075371436071));
#1041=CARTESIAN_POINT('Ctrl Pts',(46.1749081655239,1.55120104948717,154.58291396831));
#1042=CARTESIAN_POINT('Ctrl Pts',(46.8609946302609,1.55120104948717,155.09294644451));
#1043=CARTESIAN_POINT('Ctrl Pts',(47.6532870718601,1.55120104948717,155.566089442104));
#1044=CARTESIAN_POINT('Ctrl Pts',(49.0210944055543,1.55120104948717,156.128231363638));
#1045=CARTESIAN_POINT('Ctrl Pts',(50.7605568333667,1.55120104948717,156.538655684548));
#1046=CARTESIAN_POINT('Ctrl Pts',(52.7984302799987,1.55120104948717,156.878086314765));
#1047=CARTESIAN_POINT('Ctrl Pts',(54.7900951173259,1.55120104948717,157.107025850277));
#1048=CARTESIAN_POINT('Ctrl Pts',(56.7712711955492,1.55120104948717,157.286036791053));
#1049=CARTESIAN_POINT('Ctrl Pts',(58.7403251701135,1.55120104948717,157.421321849259));
#1050=CARTESIAN_POINT('Ctrl Pts',(60.7046619999923,1.55120104948717,157.528871354882));
#1051=CARTESIAN_POINT('Ctrl Pts',(62.6641173479685,1.55120104948717,157.612888213824));
#1052=CARTESIAN_POINT('Ctrl Pts',(64.6207231436956,1.55120104948717,157.679027683894));
#1053=CARTESIAN_POINT('Ctrl Pts',(66.5749050220493,1.55120104948717,157.730028484337));
#1054=CARTESIAN_POINT('Ctrl Pts',(68.5274280753503,1.55120104948717,157.768508182913));
#1055=CARTESIAN_POINT('Ctrl Pts',(70.4784670895913,1.55120104948717,157.79620024534));
#1056=CARTESIAN_POINT('Ctrl Pts',(72.4284200364877,1.55120104948717,157.814567910508));
#1057=CARTESIAN_POINT('Ctrl Pts',(74.3771056553908,1.55120104948717,157.824737233374));
#1058=CARTESIAN_POINT('Ctrl Pts',(76.3253617466653,1.55120104948718,157.827638420737));
#1059=CARTESIAN_POINT('Ctrl Pts',(78.2719688536495,1.55120104948717,157.824037669927));
#1060=CARTESIAN_POINT('Ctrl Pts',(79.5712796012592,1.55120104948719,157.817710221395));
#1061=CARTESIAN_POINT('Ctrl Pts',(80.2225204732526,1.55120104948717,157.813645906114));
#1062=CARTESIAN_POINT('Ctrl Pts',(80.2266806836413,1.55120104948717,157.813619942878));
#1063=CARTESIAN_POINT('Ctrl Pts',(80.230841337962,1.55120104948717,157.813593976817));
#1064=CARTESIAN_POINT('Ctrl Pts',(43.4584595756852,2.,147.909724740899));
#1065=CARTESIAN_POINT('Ctrl Pts',(43.4582438837901,2.,147.918201910599));
#1066=CARTESIAN_POINT('Ctrl Pts',(43.4580427587681,2.,147.926313202101));
#1067=CARTESIAN_POINT('Ctrl Pts',(43.4532918507019,2.,148.106931282375));
#1068=CARTESIAN_POINT('Ctrl Pts',(43.4502951949037,2.,148.463786065669));
#1069=CARTESIAN_POINT('Ctrl Pts',(43.4487081654824,2.,149.193447158786));
#1070=CARTESIAN_POINT('Ctrl Pts',(43.5313887969364,2.,149.969189670222));
#1071=CARTESIAN_POINT('Ctrl Pts',(43.6802933834105,2.,150.610854156259));
#1072=CARTESIAN_POINT('Ctrl Pts',(43.8005350162363,2.,151.047226047306));
#1073=CARTESIAN_POINT('Ctrl Pts',(43.9912603620964,2.,151.578571783299));
#1074=CARTESIAN_POINT('Ctrl Pts',(44.2346121483712,2.,152.146628024786));
#1075=CARTESIAN_POINT('Ctrl Pts',(44.5367644889511,2.,152.732632822163));
#1076=CARTESIAN_POINT('Ctrl Pts',(44.954185457223,2.,153.360823675815));
#1077=CARTESIAN_POINT('Ctrl Pts',(45.5932418969735,2.,154.075371436071));
#1078=CARTESIAN_POINT('Ctrl Pts',(46.1749081655239,2.,154.58291396831));
#1079=CARTESIAN_POINT('Ctrl Pts',(46.8609946302609,2.,155.09294644451));
#1080=CARTESIAN_POINT('Ctrl Pts',(47.6532870718601,2.,155.566089442104));
#1081=CARTESIAN_POINT('Ctrl Pts',(49.0210944055543,2.,156.128231363638));
#1082=CARTESIAN_POINT('Ctrl Pts',(50.7605568333667,2.,156.538655684548));
#1083=CARTESIAN_POINT('Ctrl Pts',(52.7984302799987,2.,156.878086314765));
#1084=CARTESIAN_POINT('Ctrl Pts',(54.7900951173259,2.,157.107025850277));
#1085=CARTESIAN_POINT('Ctrl Pts',(56.7712711955492,2.,157.286036791053));
#1086=CARTESIAN_POINT('Ctrl Pts',(58.7403251701135,2.,157.421321849259));
#1087=CARTESIAN_POINT('Ctrl Pts',(60.7046619999923,2.,157.528871354882));
#1088=CARTESIAN_POINT('Ctrl Pts',(62.6641173479685,2.,157.612888213824));
#1089=CARTESIAN_POINT('Ctrl Pts',(64.6207231436956,2.,157.679027683894));
#1090=CARTESIAN_POINT('Ctrl Pts',(66.5749050220493,2.,157.730028484337));
#1091=CARTESIAN_POINT('Ctrl Pts',(68.5274280753503,2.,157.768508182913));
#1092=CARTESIAN_POINT('Ctrl Pts',(70.4784670895913,2.,157.79620024534));
#1093=CARTESIAN_POINT('Ctrl Pts',(72.4284200364877,2.,157.814567910508));
#1094=CARTESIAN_POINT('Ctrl Pts',(74.3771056553908,2.,157.824737233374));
#1095=CARTESIAN_POINT('Ctrl Pts',(76.3253617466653,2.,157.827638420737));
#1096=CARTESIAN_POINT('Ctrl Pts',(78.2719688536495,2.,157.824037669927));
#1097=CARTESIAN_POINT('Ctrl Pts',(79.5712796012592,2.00000000000002,157.817710221395));
#1098=CARTESIAN_POINT('Ctrl Pts',(80.2225204732526,2.,157.813645906114));
#1099=CARTESIAN_POINT('Ctrl Pts',(80.2266806836413,2.,157.813619942878));
#1100=CARTESIAN_POINT('Ctrl Pts',(80.230841337962,2.,157.813593976817));
#1101=CARTESIAN_POINT('Ctrl Pts',(45.4578123953233,0.,147.96060010451));
#1102=CARTESIAN_POINT('Ctrl Pts',(45.4575967041481,0.,147.969077274229));
#1103=CARTESIAN_POINT('Ctrl Pts',(45.4573832905989,0.,147.977552411869));
#1104=CARTESIAN_POINT('Ctrl Pts',(45.4529914113338,0.,148.147663539789));
#1105=CARTESIAN_POINT('Ctrl Pts',(45.4492084194518,0.,148.470816214649));
#1106=CARTESIAN_POINT('Ctrl Pts',(45.452105728435,0.,149.118461049384));
#1107=CARTESIAN_POINT('Ctrl Pts',(45.5098994237383,0.,149.642187068446));
#1108=CARTESIAN_POINT('Ctrl Pts',(45.619041218404,0.,150.116695295612));
#1109=CARTESIAN_POINT('Ctrl Pts',(45.7053214393193,0.,150.429209648593));
#1110=CARTESIAN_POINT('Ctrl Pts',(45.8548170567444,0.,150.848125893623));
#1111=CARTESIAN_POINT('Ctrl Pts',(46.0464860036273,0.,151.295370603768));
#1112=CARTESIAN_POINT('Ctrl Pts',(46.2711775243024,0.,151.727203924492));
#1113=CARTESIAN_POINT('Ctrl Pts',(46.5400775489848,0.,152.130631605786));
#1114=CARTESIAN_POINT('Ctrl Pts',(46.9697777148007,0.,152.615520829024));
#1115=CARTESIAN_POINT('Ctrl Pts',(47.4568425796915,0.,153.045177358933));
#1116=CARTESIAN_POINT('Ctrl Pts',(47.9763807291643,0.,153.42764595565));
#1117=CARTESIAN_POINT('Ctrl Pts',(48.533156893407,0.,153.761272103783));
#1118=CARTESIAN_POINT('Ctrl Pts',(49.5798053380451,0.,154.197293654177));
#1119=CARTESIAN_POINT('Ctrl Pts',(51.1491618957056,0.,154.577731503401));
#1120=CARTESIAN_POINT('Ctrl Pts',(53.0653896764998,0.,154.893347601));
#1121=CARTESIAN_POINT('Ctrl Pts',(54.9939068028533,0.,155.118102661612));
#1122=CARTESIAN_POINT('Ctrl Pts',(56.9264655074821,0.,155.291460748615));
#1123=CARTESIAN_POINT('Ctrl Pts',(58.8629268350128,0.,155.425208763793));
#1124=CARTESIAN_POINT('Ctrl Pts',(60.8010293926938,0.,155.531047669573));
#1125=CARTESIAN_POINT('Ctrl Pts',(62.740263596828,0.,155.614350695288));
#1126=CARTESIAN_POINT('Ctrl Pts',(64.6800802452213,0.,155.679867993131));
#1127=CARTESIAN_POINT('Ctrl Pts',(66.6203779387187,0.,155.730540153373));
#1128=CARTESIAN_POINT('Ctrl Pts',(68.5610094967241,0.,155.768777238629));
#1129=CARTESIAN_POINT('Ctrl Pts',(70.5018533641183,0.,155.796330828491));
#1130=CARTESIAN_POINT('Ctrl Pts',(72.4427572382106,0.,155.814613967767));
#1131=CARTESIAN_POINT('Ctrl Pts',(74.3836088290781,0.,155.824744021783));
#1132=CARTESIAN_POINT('Ctrl Pts',(76.3243624514196,0.,155.827637765905));
#1133=CARTESIAN_POINT('Ctrl Pts',(78.2650589092424,0.,155.824046903667));
#1134=CARTESIAN_POINT('Ctrl Pts',(79.5588987588052,0.,155.817748530223));
#1135=CARTESIAN_POINT('Ctrl Pts',(80.2100385520414,0.,155.813684856128));
#1136=CARTESIAN_POINT('Ctrl Pts',(80.2141992067552,0.,155.813658890074));
#1137=CARTESIAN_POINT('Ctrl Pts',(80.2183598610759,0.,155.813632924013));
#1138=CARTESIAN_POINT('Ctrl Pts',(80.2183591736262,2.,157.81367187628));
#1139=CARTESIAN_POINT('Ctrl Pts',(79.5712796012593,2.00000000000004,157.817710221397));
#1140=CARTESIAN_POINT('Ctrl Pts',(78.2719688536495,2.,157.824037669927));
#1141=CARTESIAN_POINT('Ctrl Pts',(76.3253617466653,2.,157.827638420737));
#1142=CARTESIAN_POINT('Ctrl Pts',(74.3771056553908,2.,157.824737233374));
#1143=CARTESIAN_POINT('Ctrl Pts',(72.4284200364877,2.,157.814567910508));
#1144=CARTESIAN_POINT('Ctrl Pts',(70.4784670895913,2.,157.79620024534));
#1145=CARTESIAN_POINT('Ctrl Pts',(68.5274280753503,2.,157.768508182913));
#1146=CARTESIAN_POINT('Ctrl Pts',(66.5749050220493,2.,157.730028484337));
#1147=CARTESIAN_POINT('Ctrl Pts',(64.6207231436956,2.,157.679027683894));
#1148=CARTESIAN_POINT('Ctrl Pts',(62.6641173479685,2.,157.612888213824));
#1149=CARTESIAN_POINT('Ctrl Pts',(60.7046619999923,2.,157.528871354882));
#1150=CARTESIAN_POINT('Ctrl Pts',(58.7403251701135,2.,157.421321849259));
#1151=CARTESIAN_POINT('Ctrl Pts',(56.7712711955492,2.,157.286036791053));
#1152=CARTESIAN_POINT('Ctrl Pts',(54.7900951173259,2.,157.107025850277));
#1153=CARTESIAN_POINT('Ctrl Pts',(52.7984302799987,2.,156.878086314765));
#1154=CARTESIAN_POINT('Ctrl Pts',(50.7605568333667,2.,156.538655684548));
#1155=CARTESIAN_POINT('Ctrl Pts',(49.0210944055543,2.,156.128231363638));
#1156=CARTESIAN_POINT('Ctrl Pts',(47.6532870718601,2.,155.566089442104));
#1157=CARTESIAN_POINT('Ctrl Pts',(46.8609946302609,2.,155.09294644451));
#1158=CARTESIAN_POINT('Ctrl Pts',(46.1749081655239,2.,154.58291396831));
#1159=CARTESIAN_POINT('Ctrl Pts',(45.5932418969735,2.,154.075371436071));
#1160=CARTESIAN_POINT('Ctrl Pts',(44.954185457223,2.,153.360823675815));
#1161=CARTESIAN_POINT('Ctrl Pts',(44.5367644889511,2.,152.732632822163));
#1162=CARTESIAN_POINT('Ctrl Pts',(44.2346121483712,2.,152.146628024786));
#1163=CARTESIAN_POINT('Ctrl Pts',(43.9912603620964,2.,151.578571783299));
#1164=CARTESIAN_POINT('Ctrl Pts',(43.8005350162363,2.,151.047226047306));
#1165=CARTESIAN_POINT('Ctrl Pts',(43.6802933834105,2.,150.610854156259));
#1166=CARTESIAN_POINT('Ctrl Pts',(43.5313887969364,2.,149.969189670222));
#1167=CARTESIAN_POINT('Ctrl Pts',(43.4487081654824,2.,149.193447158786));
#1168=CARTESIAN_POINT('Ctrl Pts',(43.4502951949037,2.,148.463786065669));
#1169=CARTESIAN_POINT('Ctrl Pts',(43.4532918507019,2.,148.106931282375));
#1170=CARTESIAN_POINT('Ctrl Pts',(43.4578074474895,2.,147.935259170075));
#1171=CARTESIAN_POINT('Ctrl Pts',(43.4578088018631,2.,147.935207664796));
#1172=CARTESIAN_POINT('Ctrl Pts',(43.4578101550802,2.,147.935156188355));
#1173=CARTESIAN_POINT('Ctrl Pts',(43.4623078280544,2.,14.6520903799909));
#1174=CARTESIAN_POINT('Ctrl Pts',(43.4608093853696,2.,14.6297790033273));
#1175=CARTESIAN_POINT('Ctrl Pts',(43.4593109426848,2.,14.6074676266636));
#1176=CARTESIAN_POINT('Ctrl Pts',(43.434979203743,2.,14.2451750959432));
#1177=CARTESIAN_POINT('Ctrl Pts',(43.4418408685452,2.,13.6423704276154));
#1178=CARTESIAN_POINT('Ctrl Pts',(43.5381817576784,2.,12.5353395729771));
#1179=CARTESIAN_POINT('Ctrl Pts',(43.7007394769372,2.,11.5463506271854));
#1180=CARTESIAN_POINT('Ctrl Pts',(43.9120100176087,2.,10.5656136489933));
#1181=CARTESIAN_POINT('Ctrl Pts',(44.185960767406,2.,9.82567222712025));
#1182=CARTESIAN_POINT('Ctrl Pts',(44.4877301502293,2.,9.23243651517612));
#1183=CARTESIAN_POINT('Ctrl Pts',(44.7938244185928,2.,8.73276864610269));
#1184=CARTESIAN_POINT('Ctrl Pts',(45.1332334228789,2.,8.24774450492649));
#1185=CARTESIAN_POINT('Ctrl Pts',(45.4955976824271,2.,7.79608536069487));
#1186=CARTESIAN_POINT('Ctrl Pts',(45.9780062315229,2.,7.35817561538569));
#1187=CARTESIAN_POINT('Ctrl Pts',(46.443426596624,2.,7.01565294812982));
#1188=CARTESIAN_POINT('Ctrl Pts',(47.0268619929846,2.,6.61046350962337));
#1189=CARTESIAN_POINT('Ctrl Pts',(47.9087802645886,2.,6.14475199826314));
#1190=CARTESIAN_POINT('Ctrl Pts',(49.0114927100796,2.,5.74197290896916));
#1191=CARTESIAN_POINT('Ctrl Pts',(50.249255669038,2.,5.40829313375342));
#1192=CARTESIAN_POINT('Ctrl Pts',(52.2720786565907,2.,5.00175939572769));
#1193=CARTESIAN_POINT('Ctrl Pts',(54.6521224115899,2.,4.69122668776275));
#1194=CARTESIAN_POINT('Ctrl Pts',(58.5168135955294,2.,4.33926683368579));
#1195=CARTESIAN_POINT('Ctrl Pts',(62.2817587434065,2.,4.14424634947046));
#1196=CARTESIAN_POINT('Ctrl Pts',(66.06594876843,2.,4.00681956040698));
#1197=CARTESIAN_POINT('Ctrl Pts',(69.8544657244425,2.,3.90889419424849));
#1198=CARTESIAN_POINT('Ctrl Pts',(74.5913201356568,2.,3.83665674158478));
#1199=CARTESIAN_POINT('Ctrl Pts',(78.3353854186076,2.,3.81694215176095));
#1200=CARTESIAN_POINT('Ctrl Pts',(80.2183593750001,2.,3.81367187500001));
#1201=CARTESIAN_POINT('Ctrl Pts',(43.4623078280544,1.70080069965811,14.6520903799909));
#1202=CARTESIAN_POINT('Ctrl Pts',(43.4608093853696,1.70080069965811,14.6297790033273));
#1203=CARTESIAN_POINT('Ctrl Pts',(43.4593109426848,1.70080069965812,14.6074676266636));
#1204=CARTESIAN_POINT('Ctrl Pts',(43.434979203743,1.70080069965811,14.2451750959432));
#1205=CARTESIAN_POINT('Ctrl Pts',(43.4418408685452,1.70080069965812,13.6423704276154));
#1206=CARTESIAN_POINT('Ctrl Pts',(43.5381817576784,1.70080069965812,12.5353395729771));
#1207=CARTESIAN_POINT('Ctrl Pts',(43.7007394769372,1.70080069965812,11.5463506271854));
#1208=CARTESIAN_POINT('Ctrl Pts',(43.9120100176087,1.70080069965812,10.5656136489933));
#1209=CARTESIAN_POINT('Ctrl Pts',(44.185960767406,1.70080069965812,9.82567222712025));
#1210=CARTESIAN_POINT('Ctrl Pts',(44.4877301502293,1.70080069965812,9.23243651517612));
#1211=CARTESIAN_POINT('Ctrl Pts',(44.7938244185928,1.70080069965812,8.73276864610269));
#1212=CARTESIAN_POINT('Ctrl Pts',(45.1332334228789,1.70080069965812,8.24774450492649));
#1213=CARTESIAN_POINT('Ctrl Pts',(45.4955976824271,1.70080069965812,7.79608536069487));
#1214=CARTESIAN_POINT('Ctrl Pts',(45.9780062315229,1.70080069965812,7.35817561538569));
#1215=CARTESIAN_POINT('Ctrl Pts',(46.443426596624,1.70080069965812,7.01565294812982));
#1216=CARTESIAN_POINT('Ctrl Pts',(47.0268619929846,1.70080069965812,6.61046350962337));
#1217=CARTESIAN_POINT('Ctrl Pts',(47.9087802645886,1.70080069965812,6.14475199826314));
#1218=CARTESIAN_POINT('Ctrl Pts',(49.0114927100796,1.70080069965812,5.74197290896916));
#1219=CARTESIAN_POINT('Ctrl Pts',(50.249255669038,1.70080069965812,5.40829313375342));
#1220=CARTESIAN_POINT('Ctrl Pts',(52.2720786565907,1.70080069965812,5.00175939572769));
#1221=CARTESIAN_POINT('Ctrl Pts',(54.6521224115899,1.70080069965811,4.69122668776275));
#1222=CARTESIAN_POINT('Ctrl Pts',(58.5168135955294,1.70080069965812,4.33926683368579));
#1223=CARTESIAN_POINT('Ctrl Pts',(62.2817587434065,1.70080069965811,4.14424634947046));
#1224=CARTESIAN_POINT('Ctrl Pts',(66.06594876843,1.70080069965812,4.00681956040698));
#1225=CARTESIAN_POINT('Ctrl Pts',(69.8544657244425,1.70080069965811,3.90889419424849));
#1226=CARTESIAN_POINT('Ctrl Pts',(74.5913201356568,1.70080069965812,3.83665674158478));
#1227=CARTESIAN_POINT('Ctrl Pts',(78.3353854186076,1.70080069965811,3.81694215176095));
#1228=CARTESIAN_POINT('Ctrl Pts',(80.2183593750001,1.70080069965811,3.81367187500001));
#1229=CARTESIAN_POINT('Ctrl Pts',(43.5987706601103,1.10358372785816,14.6429254711857));
#1230=CARTESIAN_POINT('Ctrl Pts',(43.5972722174256,1.10358372785816,14.620614094522));
#1231=CARTESIAN_POINT('Ctrl Pts',(43.5957737747407,1.10358372785816,14.5983027178584));
#1232=CARTESIAN_POINT('Ctrl Pts',(43.5720804471462,1.10358372785818,14.2432491083016));
#1233=CARTESIAN_POINT('Ctrl Pts',(43.5786969690035,1.10358372785816,13.649883138397));
#1234=CARTESIAN_POINT('Ctrl Pts',(43.6740650794931,1.10358372785817,12.5536503736933));
#1235=CARTESIAN_POINT('Ctrl Pts',(43.8357719972367,1.10358372785816,11.5694096679281));
#1236=CARTESIAN_POINT('Ctrl Pts',(44.0448974463686,1.10358372785816,10.600943699551));
#1237=CARTESIAN_POINT('Ctrl Pts',(44.3115689947068,1.10358372785816,9.88050850568822));
#1238=CARTESIAN_POINT('Ctrl Pts',(44.6064843850536,1.10358372785816,9.30065809709498));
#1239=CARTESIAN_POINT('Ctrl Pts',(44.9092636547726,1.10358372785816,8.8065010039437));
#1240=CARTESIAN_POINT('Ctrl Pts',(45.242559740139,1.10358372785816,8.3297781011422));
#1241=CARTESIAN_POINT('Ctrl Pts',(45.5966225934765,1.10358372785816,7.88927846046122));
#1242=CARTESIAN_POINT('Ctrl Pts',(46.0621929738602,1.10358372785816,7.46608882399979));
#1243=CARTESIAN_POINT('Ctrl Pts',(46.5235052728397,1.10358372785816,7.12684425031839));
#1244=CARTESIAN_POINT('Ctrl Pts',(47.0979364091381,1.10358372785816,6.72771353455681));
#1245=CARTESIAN_POINT('Ctrl Pts',(47.9647721522839,1.10358372785816,6.27016345336647));
#1246=CARTESIAN_POINT('Ctrl Pts',(49.0487275112046,1.10358372785816,5.87403713643363));
#1247=CARTESIAN_POINT('Ctrl Pts',(50.2815501638669,1.10358372785816,5.54118805894822));
#1248=CARTESIAN_POINT('Ctrl Pts',(52.291923618958,1.10358372785816,5.13746009032691));
#1249=CARTESIAN_POINT('Ctrl Pts',(54.667505006936,1.10358372785816,4.82698184027642));
#1250=CARTESIAN_POINT('Ctrl Pts',(58.5249944432815,1.10358372785816,4.47604354291871));
#1251=CARTESIAN_POINT('Ctrl Pts',(62.2881685124408,1.10358372785816,4.28078131449747));
#1252=CARTESIAN_POINT('Ctrl Pts',(66.0701127589939,1.10358372785816,4.14352643523345));
#1253=CARTESIAN_POINT('Ctrl Pts',(69.8570805037687,1.10358372785816,4.04565723204903));
#1254=CARTESIAN_POINT('Ctrl Pts',(74.5927115725946,1.10358372785816,3.97339792006586));
#1255=CARTESIAN_POINT('Ctrl Pts',(78.33587636044,1.10358372785816,3.95373995367918));
#1256=CARTESIAN_POINT('Ctrl Pts',(80.2185969119451,1.10358372785816,3.95044191434465));
#1257=CARTESIAN_POINT('Ctrl Pts',(44.2665569150014,0.262470488452162,14.5980766282059));
#1258=CARTESIAN_POINT('Ctrl Pts',(44.2650584723166,0.262470488452162,14.5757652515422));
#1259=CARTESIAN_POINT('Ctrl Pts',(44.2635600296318,0.262470488452162,14.5534538748786));
#1260=CARTESIAN_POINT('Ctrl Pts',(44.2420882910157,0.262470488452185,14.2337799801358));
#1261=CARTESIAN_POINT('Ctrl Pts',(44.2475001694757,0.262470488452168,13.6848647446908));
#1262=CARTESIAN_POINT('Ctrl Pts',(44.338174101029,0.262470488452177,12.645677167707));
#1263=CARTESIAN_POINT('Ctrl Pts',(44.4942929522682,0.262470488452161,11.6841745054492));
#1264=CARTESIAN_POINT('Ctrl Pts',(44.6941602099676,0.262470488452165,10.7733939443341));
#1265=CARTESIAN_POINT('Ctrl Pts',(44.9236209596909,0.262470488452161,10.155229643107));
#1266=CARTESIAN_POINT('Ctrl Pts',(45.1881525609952,0.262470488452164,9.63308947235545));
#1267=CARTESIAN_POINT('Ctrl Pts',(45.4699079984005,0.262470488452161,9.17206066956837));
#1268=CARTESIAN_POINT('Ctrl Pts',(45.7821453556064,0.262470488452164,8.72704413461817));
#1269=CARTESIAN_POINT('Ctrl Pts',(46.0875745680489,0.262470488452164,8.3472979796983));
#1270=CARTESIAN_POINT('Ctrl Pts',(46.48014023313,0.262470488452164,7.99116436268364));
#1271=CARTESIAN_POINT('Ctrl Pts',(46.9082422692253,0.262470488452163,7.67306132307636));
#1272=CARTESIAN_POINT('Ctrl Pts',(47.4546859501346,0.262470488452165,7.29716944974202));
#1273=CARTESIAN_POINT('Ctrl Pts',(48.231355675692,0.262470488452163,6.88581635645163));
#1274=CARTESIAN_POINT('Ctrl Pts',(49.2395894223311,0.262470488452164,6.51671157054552));
#1275=CARTESIAN_POINT('Ctrl Pts',(50.4351928284523,0.262470488452162,6.1927873603882));
#1276=CARTESIAN_POINT('Ctrl Pts',(52.3929248666673,0.262470488452164,5.79995796655764));
#1277=CARTESIAN_POINT('Ctrl Pts',(54.740201991246,0.262470488452162,5.4921609248199));
#1278=CARTESIAN_POINT('Ctrl Pts',(58.567805026511,0.262470488452164,5.14437426534808));
#1279=CARTESIAN_POINT('Ctrl Pts',(62.3186042174373,0.262470488452159,4.94923214165681));
#1280=CARTESIAN_POINT('Ctrl Pts',(66.0902248126383,0.262470488452164,4.81260204262287));
#1281=CARTESIAN_POINT('Ctrl Pts',(69.8702869597658,0.26247048845216,4.71476461924705));
#1282=CARTESIAN_POINT('Ctrl Pts',(74.5990218225483,0.262470488452166,4.64272584734203));
#1283=CARTESIAN_POINT('Ctrl Pts',(78.3387501537378,0.262470488452158,4.62299794082749));
#1284=CARTESIAN_POINT('Ctrl Pts',(80.2197593083615,0.262470488452161,4.6197315002285));
#1285=CARTESIAN_POINT('Ctrl Pts',(45.0100222987437,-2.50074746245978E-16,
14.5481451388825));
#1286=CARTESIAN_POINT('Ctrl Pts',(45.0085238560589,-2.50361290234105E-16,
14.5258337622189));
#1287=CARTESIAN_POINT('Ctrl Pts',(45.0070254133741,-5.27487230408203E-16,
14.5035223855553));
#1288=CARTESIAN_POINT('Ctrl Pts',(44.9883104033633,4.44522928499865E-14,
14.2232516190833));
#1289=CARTESIAN_POINT('Ctrl Pts',(44.9923826964576,1.04180572930247E-14,
13.7243703217267));
#1290=CARTESIAN_POINT('Ctrl Pts',(45.0778096948767,2.37113307336033E-14,
12.7473726882361));
#1291=CARTESIAN_POINT('Ctrl Pts',(45.2281545048967,-1.5819176343284E-16,
11.8113411907324));
#1292=CARTESIAN_POINT('Ctrl Pts',(45.4173253619583,3.56398791809667E-15,
10.9655254553591));
#1293=CARTESIAN_POINT('Ctrl Pts',(45.6058574252733,-1.89692130142294E-17,
10.4590820062791));
#1294=CARTESIAN_POINT('Ctrl Pts',(45.8355708060306,2.81613823767377E-15,
10.0036386097563));
#1295=CARTESIAN_POINT('Ctrl Pts',(46.0954274853134,-5.83493705474439E-16,
9.57755799314313));
#1296=CARTESIAN_POINT('Ctrl Pts',(46.3814392155313,9.29770723850997E-17,
9.17064055373023));
#1297=CARTESIAN_POINT('Ctrl Pts',(46.6352383415779,6.87638228891921E-16,
8.85660386043499));
#1298=CARTESIAN_POINT('Ctrl Pts',(46.9435763753503,-3.21636437994667E-16,
8.57668843709077));
#1299=CARTESIAN_POINT('Ctrl Pts',(47.3388199497764,2.34426011135412E-16,
8.28052153568155));
#1300=CARTESIAN_POINT('Ctrl Pts',(47.84905704423,1.01853666534638E-15,7.93251468116773));
#1301=CARTESIAN_POINT('Ctrl Pts',(48.5304788581305,3.89099588530397E-16,
7.57062887589739));
#1302=CARTESIAN_POINT('Ctrl Pts',(49.4493648380558,1.28927817915332E-16,
7.23334553343708));
#1303=CARTESIAN_POINT('Ctrl Pts',(50.6076264927498,4.31724703728793E-16,
6.91783173067624));
#1304=CARTESIAN_POINT('Ctrl Pts',(52.5041512961202,1.41955907379699E-16,
6.53802509448631));
#1305=CARTESIAN_POINT('Ctrl Pts',(54.8219471661401,2.089772636805E-16,6.23245493752184));
#1306=CARTESIAN_POINT('Ctrl Pts',(58.6145952434183,4.47951734119049E-16,
5.88875713553359));
#1307=CARTESIAN_POINT('Ctrl Pts',(62.3527813921072,-1.79388513145469E-15,
5.69333957954441));
#1308=CARTESIAN_POINT('Ctrl Pts',(66.112699212082,1.00545177455589E-15,
5.55747303313063));
#1309=CARTESIAN_POINT('Ctrl Pts',(69.8848610567256,-1.38186804737012E-15,
5.45974730660777));
#1310=CARTESIAN_POINT('Ctrl Pts',(74.6062038182123,2.09160303085772E-15,
5.38785123572221));
#1311=CARTESIAN_POINT('Ctrl Pts',(78.3418016333214,-2.48160002560981E-15,
5.36815442422321));
#1312=CARTESIAN_POINT('Ctrl Pts',(80.2210534372709,-1.02589743068921E-15,
5.36487058501707));
#1313=CARTESIAN_POINT('Ctrl Pts',(45.4578125,-2.77555756156289E-16,14.5180713356604));
#1314=CARTESIAN_POINT('Ctrl Pts',(45.4563140573152,-2.77842300144417E-16,
14.4957599589968));
#1315=CARTESIAN_POINT('Ctrl Pts',(45.4548156146304,-5.54968240318514E-16,
14.4734485823331));
#1316=CARTESIAN_POINT('Ctrl Pts',(45.4375858096939,4.43540569399182E-14,
14.2169017876636));
#1317=CARTESIAN_POINT('Ctrl Pts',(45.4408502930296,1.05012043339625E-14,
13.7478186692849));
#1318=CARTESIAN_POINT('Ctrl Pts',(45.52312989666,2.35388783614482E-14,12.8090941815586));
#1319=CARTESIAN_POINT('Ctrl Pts',(45.6697204711315,4.83267671880923E-16,
11.8883074054104));
#1320=CARTESIAN_POINT('Ctrl Pts',(45.852689342762,2.6329602562739E-15,11.081161360959));
#1321=CARTESIAN_POINT('Ctrl Pts',(46.0162614337639,1.12528756777407E-15,
10.6433305985384));
#1322=CARTESIAN_POINT('Ctrl Pts',(46.2256164309718,1.22708428232004E-15,
10.2265464676736));
#1323=CARTESIAN_POINT('Ctrl Pts',(46.4713514347664,1.02567300443328E-16,
9.82271106251951));
#1324=CARTESIAN_POINT('Ctrl Pts',(46.7432862119054,2.2738605054765E-16,
9.43701014447389));
#1325=CARTESIAN_POINT('Ctrl Pts',(46.964433646895,3.08886328008595E-16,
9.16374290573943));
#1326=CARTESIAN_POINT('Ctrl Pts',(47.2238645550616,2.71862927164769E-16,
8.92876768357415));
#1327=CARTESIAN_POINT('Ctrl Pts',(47.5967733020828,3.06506741252923E-16,
8.64680287159996));
#1328=CARTESIAN_POINT('Ctrl Pts',(48.0883233369835,4.07997088661969E-17,
8.31434706340428));
#1329=CARTESIAN_POINT('Ctrl Pts',(48.7092018991337,3.09330259253422E-16,
7.98347029157598));
#1330=CARTESIAN_POINT('Ctrl Pts',(49.5773922010836,4.05453436137382E-17,
7.66427888001279));
#1331=CARTESIAN_POINT('Ctrl Pts',(50.7106310849202,-1.38983571208616E-16,
7.35477397035006));
#1332=CARTESIAN_POINT('Ctrl Pts',(52.5718980091826,1.72017950639047E-16,
6.9822613492543));
#1333=CARTESIAN_POINT('Ctrl Pts',(54.8706819349119,-1.13286493202954E-16,
6.67850114605796));
#1334=CARTESIAN_POINT('Ctrl Pts',(58.6433161263154,-3.99001627129019E-16,
6.33690748874492));
#1335=CARTESIAN_POINT('Ctrl Pts',(62.3731856906706,-1.21791716211667E-16,
6.14157697007024));
#1336=CARTESIAN_POINT('Ctrl Pts',(66.1261842143614,-8.12635620805794E-17,
6.00612829600587));
#1337=CARTESIAN_POINT('Ctrl Pts',(69.8937188167603,-1.24312559439223E-16,
5.90842266732971));
#1338=CARTESIAN_POINT('Ctrl Pts',(74.6104327261363,4.74400330791789E-16,
5.83667611527884));
#1339=CARTESIAN_POINT('Ctrl Pts',(78.3437310329465,-5.37652300644952E-16,
5.81693067375728));
#1340=CARTESIAN_POINT('Ctrl Pts',(80.2218328928548,-5.55111512312578E-16,
5.81366885866617));
#1341=CARTESIAN_POINT('',(80.2183593750001,2.,3.81367187500002));
#1342=CARTESIAN_POINT('',(80.2183593855182,0.,5.81367489914543));
#1343=CARTESIAN_POINT('Ctrl Pts',(80.2183593750001,2.,3.81367187500001));
#1344=CARTESIAN_POINT('Ctrl Pts',(80.2180277047951,1.70080069463183,3.81367245103207));
#1345=CARTESIAN_POINT('Ctrl Pts',(80.2178148139665,1.40219221104209,3.88205805267621));
#1346=CARTESIAN_POINT('Ctrl Pts',(80.2177088476773,1.13272893660729,4.01186393973998));
#1347=CARTESIAN_POINT('Ctrl Pts',(80.2176028813873,0.863265660361794,4.14166982767601));
#1348=CARTESIAN_POINT('Ctrl Pts',(80.2176038660368,0.622947592931388,4.33289599456069));
#1349=CARTESIAN_POINT('Ctrl Pts',(80.2176794631544,0.436761471861357,4.56685418335763));
#1350=CARTESIAN_POINT('Ctrl Pts',(80.2177928588251,0.157482304331236,4.91779144886672));
#1351=CARTESIAN_POINT('Ctrl Pts',(80.2180741203795,-1.06396392962325E-15,
5.36487577688686));
#1352=CARTESIAN_POINT('Ctrl Pts',(80.2183593855177,-5.55111512312578E-16,
5.81367489888121));
#1353=CARTESIAN_POINT('Ctrl Pts',(80.2183593796969,-5.55078664852927E-16,
5.81367489889134));
#1354=CARTESIAN_POINT('Ctrl Pts',(78.3414294660909,-5.3702851603331E-16,
5.81694285031831));
#1355=CARTESIAN_POINT('Ctrl Pts',(74.6092695922477,4.74252689178261E-16,
5.83669380786052));
#1356=CARTESIAN_POINT('Ctrl Pts',(69.8937188167603,-1.24312559439223E-16,
5.90842266732971));
#1357=CARTESIAN_POINT('Ctrl Pts',(66.1261842143614,-8.12635620805794E-17,
6.00612829600587));
#1358=CARTESIAN_POINT('Ctrl Pts',(62.3731856906706,-1.21791716211667E-16,
6.14157697007024));
#1359=CARTESIAN_POINT('Ctrl Pts',(58.6433161263154,-3.99001627129019E-16,
6.33690748874492));
#1360=CARTESIAN_POINT('Ctrl Pts',(54.8706819349119,-1.13286493202954E-16,
6.67850114605796));
#1361=CARTESIAN_POINT('Ctrl Pts',(52.5718980091826,1.72017950639047E-16,
6.9822613492543));
#1362=CARTESIAN_POINT('Ctrl Pts',(50.7106310849202,-1.38983571208616E-16,
7.35477397035006));
#1363=CARTESIAN_POINT('Ctrl Pts',(49.5773922010836,4.05453436137382E-17,
7.66427888001279));
#1364=CARTESIAN_POINT('Ctrl Pts',(48.7092018991337,3.09330259253422E-16,
7.98347029157598));
#1365=CARTESIAN_POINT('Ctrl Pts',(48.0883233369835,4.07997088661969E-17,
8.31434706340428));
#1366=CARTESIAN_POINT('Ctrl Pts',(47.5967733020828,3.06506741252923E-16,
8.64680287159996));
#1367=CARTESIAN_POINT('Ctrl Pts',(47.2238645550616,2.71862927164769E-16,
8.92876768357415));
#1368=CARTESIAN_POINT('Ctrl Pts',(46.964433646895,3.08886328008595E-16,
9.16374290573943));
#1369=CARTESIAN_POINT('Ctrl Pts',(46.7432862119054,2.2738605054765E-16,
9.43701014447389));
#1370=CARTESIAN_POINT('Ctrl Pts',(46.4713514347664,1.02567300443328E-16,
9.82271106251951));
#1371=CARTESIAN_POINT('Ctrl Pts',(46.2256164309718,1.22708428232004E-15,
10.2265464676736));
#1372=CARTESIAN_POINT('Ctrl Pts',(46.0162614337639,1.12528756777407E-15,
10.6433305985384));
#1373=CARTESIAN_POINT('Ctrl Pts',(45.852689342762,2.6329602562739E-15,11.081161360959));
#1374=CARTESIAN_POINT('Ctrl Pts',(45.6697204711315,4.83267671880923E-16,
11.8883074054104));
#1375=CARTESIAN_POINT('Ctrl Pts',(45.52312989666,2.35388783614482E-14,12.8090941815586));
#1376=CARTESIAN_POINT('Ctrl Pts',(45.4408502930296,1.05012043339625E-14,
13.7478186692849));
#1377=CARTESIAN_POINT('Ctrl Pts',(45.4375858096939,4.43540569399182E-14,
14.2169017876636));
#1378=CARTESIAN_POINT('Ctrl Pts',(45.4548156146304,-5.54968240318514E-16,
14.4734485823331));
#1379=CARTESIAN_POINT('Ctrl Pts',(45.4563140573152,-2.77842300144417E-16,
14.4957599589968));
#1380=CARTESIAN_POINT('Ctrl Pts',(45.4578125,-2.77555756156289E-16,14.5180713356604));
#1381=CARTESIAN_POINT('Ctrl Pts',(43.4578124999999,2.,14.5851562499991));
#1382=CARTESIAN_POINT('Ctrl Pts',(43.4576123976839,2.,14.5821767845914));
#1383=CARTESIAN_POINT('Ctrl Pts',(43.4574067238442,2.,14.579114360813));
#1384=CARTESIAN_POINT('Ctrl Pts',(43.434979203743,2.,14.2451750959432));
#1385=CARTESIAN_POINT('Ctrl Pts',(43.4418408685452,2.,13.6423704276154));
#1386=CARTESIAN_POINT('Ctrl Pts',(43.5381817576784,2.,12.5353395729771));
#1387=CARTESIAN_POINT('Ctrl Pts',(43.7007394769372,2.,11.5463506271854));
#1388=CARTESIAN_POINT('Ctrl Pts',(43.9120100176087,2.,10.5656136489933));
#1389=CARTESIAN_POINT('Ctrl Pts',(44.185960767406,2.,9.82567222712025));
#1390=CARTESIAN_POINT('Ctrl Pts',(44.4877301502293,2.,9.23243651517612));
#1391=CARTESIAN_POINT('Ctrl Pts',(44.7938244185928,2.,8.73276864610269));
#1392=CARTESIAN_POINT('Ctrl Pts',(45.1332334228789,2.,8.24774450492649));
#1393=CARTESIAN_POINT('Ctrl Pts',(45.4955976824271,2.,7.79608536069487));
#1394=CARTESIAN_POINT('Ctrl Pts',(45.9780062315229,2.,7.35817561538569));
#1395=CARTESIAN_POINT('Ctrl Pts',(46.443426596624,2.,7.01565294812982));
#1396=CARTESIAN_POINT('Ctrl Pts',(47.0268619929846,2.,6.61046350962337));
#1397=CARTESIAN_POINT('Ctrl Pts',(47.9087802645886,2.,6.14475199826314));
#1398=CARTESIAN_POINT('Ctrl Pts',(49.0114927100796,2.,5.74197290896916));
#1399=CARTESIAN_POINT('Ctrl Pts',(50.249255669038,2.,5.40829313375342));
#1400=CARTESIAN_POINT('Ctrl Pts',(52.2720786565907,2.,5.00175939572769));
#1401=CARTESIAN_POINT('Ctrl Pts',(54.6521224115899,2.,4.69122668776275));
#1402=CARTESIAN_POINT('Ctrl Pts',(58.5168135955294,2.,4.33926683368579));
#1403=CARTESIAN_POINT('Ctrl Pts',(62.2817587434065,2.,4.14424634947046));
#1404=CARTESIAN_POINT('Ctrl Pts',(66.06594876843,2.,4.00681956040698));
#1405=CARTESIAN_POINT('Ctrl Pts',(69.8544657244425,2.,3.90889419424849));
#1406=CARTESIAN_POINT('Ctrl Pts',(74.5913201356568,2.,3.83665674158478));
#1407=CARTESIAN_POINT('Ctrl Pts',(78.3353854186076,2.,3.81694215176095));
#1408=CARTESIAN_POINT('Ctrl Pts',(80.2183593750001,2.,3.81367187500001));
#1409=CARTESIAN_POINT('Ctrl Pts',(114.882402525617,0.,12.6750167780487));
#1410=CARTESIAN_POINT('Ctrl Pts',(114.851844685819,0.,12.4529286198868));
#1411=CARTESIAN_POINT('Ctrl Pts',(114.782428348473,0.,12.0147543140308));
#1412=CARTESIAN_POINT('Ctrl Pts',(114.673619748417,0.,11.4644614407746));
#1413=CARTESIAN_POINT('Ctrl Pts',(114.56030160546,0.,11.0275680997685));
#1414=CARTESIAN_POINT('Ctrl Pts',(114.44845022452,0.,10.7099980843577));
#1415=CARTESIAN_POINT('Ctrl Pts',(114.30379729455,0.,10.4059287861585));
#1416=CARTESIAN_POINT('Ctrl Pts',(114.085348459393,0.,10.0151561958829));
#1417=CARTESIAN_POINT('Ctrl Pts',(113.842361676496,0.,9.63876446654217));
#1418=CARTESIAN_POINT('Ctrl Pts',(113.605311160454,0.,9.32543641746273));
#1419=CARTESIAN_POINT('Ctrl Pts',(113.456696931275,0.,9.15750560575191));
#1420=CARTESIAN_POINT('Ctrl Pts',(113.296260297818,0.,9.00146195921432));
#1421=CARTESIAN_POINT('Ctrl Pts',(113.079944885676,0.,8.8258135609552));
#1422=CARTESIAN_POINT('Ctrl Pts',(112.720318851238,0.,8.56392141671374));
#1423=CARTESIAN_POINT('Ctrl Pts',(112.248626359404,0.,8.25519222650335));
#1424=CARTESIAN_POINT('Ctrl Pts',(111.647790981914,0.,7.95058286049032));
#1425=CARTESIAN_POINT('Ctrl Pts',(111.018323940985,0.,7.72611626781408));
#1426=CARTESIAN_POINT('Ctrl Pts',(110.382401208872,0.,7.53489702360634));
#1427=CARTESIAN_POINT('Ctrl Pts',(109.079596307528,0.,7.20375761410474));
#1428=CARTESIAN_POINT('Ctrl Pts',(107.074576569018,0.,6.861192669561));
#1429=CARTESIAN_POINT('Ctrl Pts',(104.421034357583,0.,6.56507070758341));
#1430=CARTESIAN_POINT('Ctrl Pts',(102.172252285871,0.,6.38571225617878));
#1431=CARTESIAN_POINT('Ctrl Pts',(97.6991492260408,0.,6.10476297209168));
#1432=CARTESIAN_POINT('Ctrl Pts',(92.3294006362021,0.,5.93478831226769));
#1433=CARTESIAN_POINT('Ctrl Pts',(85.5808282888838,0.,5.83436141508061));
#1434=CARTESIAN_POINT('Ctrl Pts',(82.0079281713276,0.,5.8167829456091));
#1435=CARTESIAN_POINT('Ctrl Pts',(80.2144862518473,0.,5.81366816464706));
#1436=CARTESIAN_POINT('Ctrl Pts',(115.475215891683,-1.81115433575964E-16,
12.5934496381323));
#1437=CARTESIAN_POINT('Ctrl Pts',(115.443496959705,-2.20905910866072E-16,
12.3632764309024));
#1438=CARTESIAN_POINT('Ctrl Pts',(115.371865373276,8.69305913256308E-17,
11.9102816784027));
#1439=CARTESIAN_POINT('Ctrl Pts',(115.258618780584,-9.6462491433911E-17,
11.3379320498372));
#1440=CARTESIAN_POINT('Ctrl Pts',(115.135278257699,3.42315230344141E-16,
10.8587846954511));
#1441=CARTESIAN_POINT('Ctrl Pts',(115.00155166746,-3.89878376107557E-16,
10.4785216464453));
#1442=CARTESIAN_POINT('Ctrl Pts',(114.834177017873,-7.52588450670523E-17,
10.1279683371416));
#1443=CARTESIAN_POINT('Ctrl Pts',(114.595847902407,6.53941837873457E-17,
9.70229112074426));
#1444=CARTESIAN_POINT('Ctrl Pts',(114.337295730131,-1.16555841735011E-15,
9.30147274599149));
#1445=CARTESIAN_POINT('Ctrl Pts',(114.073306046621,3.31968017471345E-16,
8.95172712444475));
#1446=CARTESIAN_POINT('Ctrl Pts',(113.891239775617,6.87567348850696E-17,
8.74502191725418));
#1447=CARTESIAN_POINT('Ctrl Pts',(113.686972717116,1.2126254807055E-15,
8.5472658646411));
#1448=CARTESIAN_POINT('Ctrl Pts',(113.443023312593,-2.11869103707031E-16,
8.3497444234789));
#1449=CARTESIAN_POINT('Ctrl Pts',(113.056998429093,-1.10247926369833E-15,
8.06935826865267));
#1450=CARTESIAN_POINT('Ctrl Pts',(112.557401943342,1.3194763803649E-16,
7.74057407550104));
#1451=CARTESIAN_POINT('Ctrl Pts',(111.877790103605,4.35514947471541E-16,
7.39626850678611));
#1452=CARTESIAN_POINT('Ctrl Pts',(111.201806905903,-1.26234572876387E-15,
7.15652510537273));
#1453=CARTESIAN_POINT('Ctrl Pts',(110.541633961129,-7.63510468208548E-17,
6.95779283906367));
#1454=CARTESIAN_POINT('Ctrl Pts',(109.195737855649,4.27396825673592E-16,
6.61607495674603));
#1455=CARTESIAN_POINT('Ctrl Pts',(107.15435450431,-8.86227956739718E-16,
6.26789280182687));
#1456=CARTESIAN_POINT('Ctrl Pts',(104.476520565927,4.22112866387657E-16,
5.96914729110264));
#1457=CARTESIAN_POINT('Ctrl Pts',(102.214858071174,-6.49670819393938E-16,
5.78880156135354));
#1458=CARTESIAN_POINT('Ctrl Pts',(97.7233807976184,1.21369503631064E-15,
5.50673503533421));
#1459=CARTESIAN_POINT('Ctrl Pts',(92.3434042553547,-2.62767079297416E-16,
5.33655925236221));
#1460=CARTESIAN_POINT('Ctrl Pts',(85.5862501475014,8.20418882721039E-16,
5.23595783283818));
#1461=CARTESIAN_POINT('Ctrl Pts',(82.0104610457081,-2.77669019710632E-16,
5.21840366320076));
#1462=CARTESIAN_POINT('Ctrl Pts',(80.2155255259592,3.13716234444994E-16,
5.21527046644827));
#1463=CARTESIAN_POINT('Ctrl Pts',(116.501188218084,0.502560610957234,12.4522827328494));
#1464=CARTESIAN_POINT('Ctrl Pts',(116.467526909337,0.502560610957234,12.2078038763354));
#1465=CARTESIAN_POINT('Ctrl Pts',(116.392045924762,0.502560610957233,11.7297973672948));
#1466=CARTESIAN_POINT('Ctrl Pts',(116.271213210161,0.502560610957232,11.1191066430411));
#1467=CARTESIAN_POINT('Ctrl Pts',(116.130282114709,0.502560610957231,10.5665442752457));
#1468=CARTESIAN_POINT('Ctrl Pts',(115.958874575936,0.50256061095723,10.0779719389667));
#1469=CARTESIAN_POINT('Ctrl Pts',(115.752018156147,0.502560610957231,9.64694844209658));
#1470=CARTESIAN_POINT('Ctrl Pts',(115.479558734078,0.502560610957229,9.16092361932249));
#1471=CARTESIAN_POINT('Ctrl Pts',(115.193589204059,0.502560610957227,8.71774799706977));
#1472=CARTESIAN_POINT('Ctrl Pts',(114.883105655603,0.502560610957227,8.30470139202154));
#1473=CARTESIAN_POINT('Ctrl Pts',(114.642566361996,0.502560610957226,8.03095636082678));
#1474=CARTESIAN_POINT('Ctrl Pts',(114.363266999951,0.502560610957229,7.76062498233126));
#1475=CARTESIAN_POINT('Ctrl Pts',(114.070960650505,0.502560610957227,7.52547779279243));
#1476=CARTESIAN_POINT('Ctrl Pts',(113.640526075316,0.502560610957227,7.21287318456088));
#1477=CARTESIAN_POINT('Ctrl Pts',(113.091183094072,0.50256061095723,6.84984181333027));
#1478=CARTESIAN_POINT('Ctrl Pts',(112.276443300088,0.502560610957231,6.43679584185404));
#1479=CARTESIAN_POINT('Ctrl Pts',(111.519190354739,0.502560610957229,6.17072833029464));
#1480=CARTESIAN_POINT('Ctrl Pts',(110.817582682442,0.502560610957231,5.95910367244464));
#1481=CARTESIAN_POINT('Ctrl Pts',(109.396373680195,0.502560610957234,5.59875868454415));
#1482=CARTESIAN_POINT('Ctrl Pts',(107.292663682099,0.502560610957231,5.24121954194476));
#1483=CARTESIAN_POINT('Ctrl Pts',(104.572363057393,0.502560610957235,4.93771153798282));
#1484=CARTESIAN_POINT('Ctrl Pts',(102.288733978809,0.502560610957233,4.75579005973645));
#1485=CARTESIAN_POINT('Ctrl Pts',(97.7653763346724,0.502560610957238,4.47169746194067));
#1486=CARTESIAN_POINT('Ctrl Pts',(92.3668844697953,0.502560610957233,4.30122514500194));
#1487=CARTESIAN_POINT('Ctrl Pts',(85.5966411593872,0.502560610957236,4.20031963360641));
#1488=CARTESIAN_POINT('Ctrl Pts',(82.0114618471909,0.502560610957234,4.18275678780794));
#1489=CARTESIAN_POINT('Ctrl Pts',(80.2173241805432,0.502560610957235,4.17963342842347));
#1490=CARTESIAN_POINT('Ctrl Pts',(116.863735253964,1.55120104948717,12.402398694306));
#1491=CARTESIAN_POINT('Ctrl Pts',(116.829395778027,1.55120104948717,12.1528263746214));
#1492=CARTESIAN_POINT('Ctrl Pts',(116.752552638196,1.55120104948717,11.6660594948373));
#1493=CARTESIAN_POINT('Ctrl Pts',(116.6290507986,1.55120104948717,11.0417996771058));
#1494=CARTESIAN_POINT('Ctrl Pts',(116.481873765458,1.55120104948717,10.4632596336801));
#1495=CARTESIAN_POINT('Ctrl Pts',(116.297172727969,1.55120104948717,9.93643767923898));
#1496=CARTESIAN_POINT('Ctrl Pts',(116.076345379303,1.55120104948717,9.47697591723667));
#1497=CARTESIAN_POINT('Ctrl Pts',(115.791859140449,1.55120104948717,8.96963360133869));
#1498=CARTESIAN_POINT('Ctrl Pts',(115.496142614841,1.55120104948716,8.51148014528177));
#1499=CARTESIAN_POINT('Ctrl Pts',(115.169245383811,1.55120104948716,8.07603144140254));
#1500=CARTESIAN_POINT('Ctrl Pts',(114.9079728034,1.55120104948716,7.77860472074367));
#1501=CARTESIAN_POINT('Ctrl Pts',(114.602260168752,1.55120104948716,7.48258043941191));
#1502=CARTESIAN_POINT('Ctrl Pts',(114.292800977089,1.55120104948716,7.23416555105252));
#1503=CARTESIAN_POINT('Ctrl Pts',(113.846829763015,1.55120104948716,6.91015010079846));
#1504=CARTESIAN_POINT('Ctrl Pts',(113.279730096804,1.55120104948716,6.53507330800248));
#1505=CARTESIAN_POINT('Ctrl Pts',(112.417388158793,1.55120104948717,6.09773184329359));
#1506=CARTESIAN_POINT('Ctrl Pts',(111.631323405625,1.55120104948717,5.82237629509264));
#1507=CARTESIAN_POINT('Ctrl Pts',(110.915139386758,1.55120104948717,5.6062093522853));
#1508=CARTESIAN_POINT('Ctrl Pts',(109.467227133725,1.55120104948717,5.23924308185936));
#1509=CARTESIAN_POINT('Ctrl Pts',(107.341567101957,1.55120104948717,4.87844207169818));
#1510=CARTESIAN_POINT('Ctrl Pts',(104.606208020077,1.55120104948717,4.57322399730331));
#1511=CARTESIAN_POINT('Ctrl Pts',(102.314856426579,1.55120104948717,4.390761957584));
#1512=CARTESIAN_POINT('Ctrl Pts',(97.7802234031191,1.55120104948717,4.10594209558144));
#1513=CARTESIAN_POINT('Ctrl Pts',(92.3750892216714,1.55120104948717,3.9353712982387));
#1514=CARTESIAN_POINT('Ctrl Pts',(85.6004362670975,1.55120104948717,3.83435807949529));
#1515=CARTESIAN_POINT('Ctrl Pts',(82.0114016891825,1.55120104948717,3.81678596194294));
#1516=CARTESIAN_POINT('Ctrl Pts',(80.2179597697022,1.55120104948717,3.81367118098091));
#1517=CARTESIAN_POINT('Ctrl Pts',(116.863735253964,2.,12.402398694306));
#1518=CARTESIAN_POINT('Ctrl Pts',(116.829395778027,2.,12.1528263746214));
#1519=CARTESIAN_POINT('Ctrl Pts',(116.752552638196,2.,11.6660594948373));
#1520=CARTESIAN_POINT('Ctrl Pts',(116.6290507986,2.,11.0417996771058));
#1521=CARTESIAN_POINT('Ctrl Pts',(116.481873765458,1.99999999999999,10.4632596336801));
#1522=CARTESIAN_POINT('Ctrl Pts',(116.297172727969,1.99999999999999,9.93643767923898));
#1523=CARTESIAN_POINT('Ctrl Pts',(116.076345379303,1.99999999999999,9.47697591723667));
#1524=CARTESIAN_POINT('Ctrl Pts',(115.791859140449,1.99999999999999,8.96963360133869));
#1525=CARTESIAN_POINT('Ctrl Pts',(115.496142614841,1.99999999999999,8.51148014528177));
#1526=CARTESIAN_POINT('Ctrl Pts',(115.169245383811,1.99999999999999,8.07603144140254));
#1527=CARTESIAN_POINT('Ctrl Pts',(114.9079728034,1.99999999999999,7.77860472074367));
#1528=CARTESIAN_POINT('Ctrl Pts',(114.602260168752,1.99999999999999,7.48258043941191));
#1529=CARTESIAN_POINT('Ctrl Pts',(114.292800977089,1.99999999999999,7.23416555105252));
#1530=CARTESIAN_POINT('Ctrl Pts',(113.846829763015,1.99999999999999,6.91015010079846));
#1531=CARTESIAN_POINT('Ctrl Pts',(113.279730096804,1.99999999999999,6.53507330800248));
#1532=CARTESIAN_POINT('Ctrl Pts',(112.417388158793,1.99999999999999,6.09773184329359));
#1533=CARTESIAN_POINT('Ctrl Pts',(111.631323405625,2.,5.82237629509264));
#1534=CARTESIAN_POINT('Ctrl Pts',(110.915139386758,2.,5.6062093522853));
#1535=CARTESIAN_POINT('Ctrl Pts',(109.467227133725,2.,5.23924308185936));
#1536=CARTESIAN_POINT('Ctrl Pts',(107.341567101957,2.,4.87844207169818));
#1537=CARTESIAN_POINT('Ctrl Pts',(104.606208020077,2.,4.57322399730331));
#1538=CARTESIAN_POINT('Ctrl Pts',(102.314856426579,2.,4.390761957584));
#1539=CARTESIAN_POINT('Ctrl Pts',(97.7802234031191,2.,4.10594209558144));
#1540=CARTESIAN_POINT('Ctrl Pts',(92.3750892216714,2.,3.9353712982387));
#1541=CARTESIAN_POINT('Ctrl Pts',(85.6004362670975,2.,3.83435807949529));
#1542=CARTESIAN_POINT('Ctrl Pts',(82.0114016891825,2.,3.81678596194294));
#1543=CARTESIAN_POINT('Ctrl Pts',(80.2179597697022,2.,3.81367118098091));
#1544=CARTESIAN_POINT('Ctrl Pts',(80.2183593750179,2.,3.81367187509388));
#1545=CARTESIAN_POINT('Ctrl Pts',(82.0116682524865,2.,3.81678726710195));
#1546=CARTESIAN_POINT('Ctrl Pts',(85.6005704442129,2.,3.83436008013834));
#1547=CARTESIAN_POINT('Ctrl Pts',(92.3750892216714,2.,3.9353712982387));
#1548=CARTESIAN_POINT('Ctrl Pts',(97.7802234031191,2.,4.10594209558144));
#1549=CARTESIAN_POINT('Ctrl Pts',(102.314856426579,2.,4.390761957584));
#1550=CARTESIAN_POINT('Ctrl Pts',(104.606208020077,2.,4.57322399730331));
#1551=CARTESIAN_POINT('Ctrl Pts',(107.341567101957,2.,4.87844207169818));
#1552=CARTESIAN_POINT('Ctrl Pts',(109.467227133725,2.,5.23924308185936));
#1553=CARTESIAN_POINT('Ctrl Pts',(110.915139386758,2.,5.6062093522853));
#1554=CARTESIAN_POINT('Ctrl Pts',(111.631323405625,2.,5.82237629509264));
#1555=CARTESIAN_POINT('Ctrl Pts',(112.417388158793,1.99999999999999,6.09773184329359));
#1556=CARTESIAN_POINT('Ctrl Pts',(113.279730096804,1.99999999999999,6.53507330800248));
#1557=CARTESIAN_POINT('Ctrl Pts',(113.846829763015,1.99999999999999,6.91015010079846));
#1558=CARTESIAN_POINT('Ctrl Pts',(114.292800977089,1.99999999999999,7.23416555105252));
#1559=CARTESIAN_POINT('Ctrl Pts',(114.602260168752,1.99999999999999,7.48258043941191));
#1560=CARTESIAN_POINT('Ctrl Pts',(114.9079728034,1.99999999999999,7.77860472074367));
#1561=CARTESIAN_POINT('Ctrl Pts',(115.169245383811,1.99999999999999,8.07603144140254));
#1562=CARTESIAN_POINT('Ctrl Pts',(115.496142614841,1.99999999999999,8.51148014528177));
#1563=CARTESIAN_POINT('Ctrl Pts',(115.791859140449,1.99999999999999,8.96963360133869));
#1564=CARTESIAN_POINT('Ctrl Pts',(116.076345379303,1.99999999999999,9.47697591723667));
#1565=CARTESIAN_POINT('Ctrl Pts',(116.297172727969,1.99999999999999,9.93643767923898));
#1566=CARTESIAN_POINT('Ctrl Pts',(116.481873765458,1.99999999999999,10.4632596336801));
#1567=CARTESIAN_POINT('Ctrl Pts',(116.6290507986,2.,11.0417996771058));
#1568=CARTESIAN_POINT('Ctrl Pts',(116.752552638196,2.,11.6660594948373));
#1569=CARTESIAN_POINT('Ctrl Pts',(116.829395778027,2.,12.1528263746214));
#1570=CARTESIAN_POINT('Ctrl Pts',(116.863735253964,2.,12.402398694306));
#1571=CARTESIAN_POINT('Ctrl Pts',(114.882402525617,0.,12.6750167780487));
#1572=CARTESIAN_POINT('Ctrl Pts',(114.851844685819,0.,12.4529286198868));
#1573=CARTESIAN_POINT('Ctrl Pts',(114.782428348473,0.,12.0147543140308));
#1574=CARTESIAN_POINT('Ctrl Pts',(114.673619748417,0.,11.4644614407746));
#1575=CARTESIAN_POINT('Ctrl Pts',(114.56030160546,0.,11.0275680997685));
#1576=CARTESIAN_POINT('Ctrl Pts',(114.44845022452,0.,10.7099980843577));
#1577=CARTESIAN_POINT('Ctrl Pts',(114.30379729455,0.,10.4059287861585));
#1578=CARTESIAN_POINT('Ctrl Pts',(114.085348459393,0.,10.0151561958829));
#1579=CARTESIAN_POINT('Ctrl Pts',(113.842361676496,0.,9.63876446654217));
#1580=CARTESIAN_POINT('Ctrl Pts',(113.605311160454,0.,9.32543641746273));
#1581=CARTESIAN_POINT('Ctrl Pts',(113.456696931275,0.,9.15750560575191));
#1582=CARTESIAN_POINT('Ctrl Pts',(113.296260297818,0.,9.00146195921432));
#1583=CARTESIAN_POINT('Ctrl Pts',(113.079944885676,0.,8.8258135609552));
#1584=CARTESIAN_POINT('Ctrl Pts',(112.720318851238,0.,8.56392141671374));
#1585=CARTESIAN_POINT('Ctrl Pts',(112.248626359404,0.,8.25519222650335));
#1586=CARTESIAN_POINT('Ctrl Pts',(111.647790981914,0.,7.95058286049032));
#1587=CARTESIAN_POINT('Ctrl Pts',(111.018323940985,0.,7.72611626781408));
#1588=CARTESIAN_POINT('Ctrl Pts',(110.382401208872,0.,7.53489702360634));
#1589=CARTESIAN_POINT('Ctrl Pts',(109.079596307528,0.,7.20375761410474));
#1590=CARTESIAN_POINT('Ctrl Pts',(107.074576569018,0.,6.861192669561));
#1591=CARTESIAN_POINT('Ctrl Pts',(104.421034357583,0.,6.56507070758341));
#1592=CARTESIAN_POINT('Ctrl Pts',(102.172252285871,0.,6.38571225617878));
#1593=CARTESIAN_POINT('Ctrl Pts',(97.6991492260408,0.,6.10476297209168));
#1594=CARTESIAN_POINT('Ctrl Pts',(92.3294006362021,0.,5.93478831226769));
#1595=CARTESIAN_POINT('Ctrl Pts',(85.582123784088,0.,5.83438069361198));
#1596=CARTESIAN_POINT('Ctrl Pts',(82.0105002048278,0.,5.81679560451548));
#1597=CARTESIAN_POINT('Ctrl Pts',(80.2183593858447,0.,5.81367490019913));
#1598=CARTESIAN_POINT('Ctrl Pts',(80.2183593750001,0.,3.81367187500001));
#1599=CARTESIAN_POINT('Ctrl Pts',(80.2183593750001,2.2,3.81367187500001));
#1600=CARTESIAN_POINT('Ctrl Pts',(79.586607208097,0.,3.81476907787055));
#1601=CARTESIAN_POINT('Ctrl Pts',(79.586607208097,2.2,3.81476907787055));
#1602=CARTESIAN_POINT('Ctrl Pts',(78.3396072494154,0.,3.81822567315177));
#1603=CARTESIAN_POINT('Ctrl Pts',(78.3396072494154,2.2,3.81822567315177));
#1604=CARTESIAN_POINT('Ctrl Pts',(76.5186204330274,0.,3.82719713444108));
#1605=CARTESIAN_POINT('Ctrl Pts',(76.5186204330274,2.2,3.82719713444108));
#1606=CARTESIAN_POINT('Ctrl Pts',(74.1897439228716,0.,3.84673831212087));
#1607=CARTESIAN_POINT('Ctrl Pts',(74.1897439228716,2.2,3.84673831212087));
#1608=CARTESIAN_POINT('Ctrl Pts',(71.4442761342864,0.,3.8838165312576));
#1609=CARTESIAN_POINT('Ctrl Pts',(71.4442761342864,2.2,3.8838165312576));
#1610=CARTESIAN_POINT('Ctrl Pts',(68.8649891649664,0.,3.93354429238746));
#1611=CARTESIAN_POINT('Ctrl Pts',(68.8649891649664,2.2,3.93354429238746));
#1612=CARTESIAN_POINT('Ctrl Pts',(66.4523822625937,0.,3.99587069016068));
#1613=CARTESIAN_POINT('Ctrl Pts',(66.4523822625937,2.2,3.99587069016068));
#1614=CARTESIAN_POINT('Ctrl Pts',(64.2067403928285,0.,4.07066878622288));
#1615=CARTESIAN_POINT('Ctrl Pts',(64.2067403928285,2.2,4.07066878622288));
#1616=CARTESIAN_POINT('Ctrl Pts',(62.1279681206685,0.,4.15770778795594));
#1617=CARTESIAN_POINT('Ctrl Pts',(62.1279681206685,2.2,4.15770778795594));
#1618=CARTESIAN_POINT('Ctrl Pts',(60.2154173801063,0.,4.25662441355948));
#1619=CARTESIAN_POINT('Ctrl Pts',(60.2154173801063,2.2,4.25662441355948));
#1620=CARTESIAN_POINT('Ctrl Pts',(58.4677090780761,0.,4.36689399157031));
#1621=CARTESIAN_POINT('Ctrl Pts',(58.4677090780761,2.2,4.36689399157031));
#1622=CARTESIAN_POINT('Ctrl Pts',(56.8825472828405,0.,4.48779981913692));
#1623=CARTESIAN_POINT('Ctrl Pts',(56.8825472828405,2.2,4.48779981913692));
#1624=CARTESIAN_POINT('Ctrl Pts',(55.4565275472935,0.,4.61840401279037));
#1625=CARTESIAN_POINT('Ctrl Pts',(55.4565275472935,2.2,4.61840401279037));
#1626=CARTESIAN_POINT('Ctrl Pts',(54.1849344324628,0.,4.75751215936278));
#1627=CARTESIAN_POINT('Ctrl Pts',(54.1849344324628,2.2,4.75751215936278));
#1628=CARTESIAN_POINT('Ctrl Pts',(53.0615384001569,0.,4.90364946311723));
#1629=CARTESIAN_POINT('Ctrl Pts',(53.0615384001569,2.2,4.90364946311723));
#1630=CARTESIAN_POINT('Ctrl Pts',(52.0783672146821,0.,5.05500712861879));
#1631=CARTESIAN_POINT('Ctrl Pts',(52.0783672146821,2.2,5.05500712861879));
#1632=CARTESIAN_POINT('Ctrl Pts',(51.225508622629,0.,5.20945495198018));
#1633=CARTESIAN_POINT('Ctrl Pts',(51.225508622629,2.2,5.20945495198018));
#1634=CARTESIAN_POINT('Ctrl Pts',(50.4908068308135,0.,5.36439051336102));
#1635=CARTESIAN_POINT('Ctrl Pts',(50.4908068308135,2.2,5.36439051336102));
#1636=CARTESIAN_POINT('Ctrl Pts',(49.859885672837,0.,5.51712382347792));
#1637=CARTESIAN_POINT('Ctrl Pts',(49.859885672837,2.2,5.51712382347792));
#1638=CARTESIAN_POINT('Ctrl Pts',(49.3167075503706,0.,5.66593204574405));
#1639=CARTESIAN_POINT('Ctrl Pts',(49.3167075503706,2.2,5.66593204574405));
#1640=CARTESIAN_POINT('Ctrl Pts',(48.8439169969766,0.,5.81108862678648));
#1641=CARTESIAN_POINT('Ctrl Pts',(48.8439169969766,2.2,5.81108862678648));
#1642=CARTESIAN_POINT('Ctrl Pts',(48.4234275101883,0.,5.95561975231921));
#1643=CARTESIAN_POINT('Ctrl Pts',(48.4234275101883,2.2,5.95561975231921));
#1644=CARTESIAN_POINT('Ctrl Pts',(48.0364940589722,0.,6.10689253479546));
#1645=CARTESIAN_POINT('Ctrl Pts',(48.0364940589722,2.2,6.10689253479546));
#1646=CARTESIAN_POINT('Ctrl Pts',(47.6656165453005,0.,6.27506357404294));
#1647=CARTESIAN_POINT('Ctrl Pts',(47.6656165453005,2.2,6.27506357404294));
#1648=CARTESIAN_POINT('Ctrl Pts',(47.2986276464273,0.,6.46790778676619));
#1649=CARTESIAN_POINT('Ctrl Pts',(47.2986276464273,2.2,6.46790778676619));
#1650=CARTESIAN_POINT('Ctrl Pts',(46.9318311066821,0.,6.68702634688174));
#1651=CARTESIAN_POINT('Ctrl Pts',(46.9318311066821,2.2,6.68702634688174));
#1652=CARTESIAN_POINT('Ctrl Pts',(46.5744764921517,0.,6.92246345766032));
#1653=CARTESIAN_POINT('Ctrl Pts',(46.5744764921517,2.2,6.92246345766032));
#1654=CARTESIAN_POINT('Ctrl Pts',(46.240952714013,0.,7.16068741885057));
#1655=CARTESIAN_POINT('Ctrl Pts',(46.240952714013,2.2,7.16068741885057));
#1656=CARTESIAN_POINT('Ctrl Pts',(45.9429897297426,0.,7.39245910496739));
#1657=CARTESIAN_POINT('Ctrl Pts',(45.9429897297426,2.2,7.39245910496739));
#1658=CARTESIAN_POINT('Ctrl Pts',(45.6796196614318,0.,7.6233315578346));
#1659=CARTESIAN_POINT('Ctrl Pts',(45.6796196614318,2.2,7.6233315578346));
#1660=CARTESIAN_POINT('Ctrl Pts',(45.4354156496727,0.,7.87457897900194));
#1661=CARTESIAN_POINT('Ctrl Pts',(45.4354156496727,2.2,7.87457897900194));
#1662=CARTESIAN_POINT('Ctrl Pts',(45.1930817371566,0.,8.16768631634727));
#1663=CARTESIAN_POINT('Ctrl Pts',(45.1930817371566,2.2,8.16768631634727));
#1664=CARTESIAN_POINT('Ctrl Pts',(44.943558250476,0.,8.51152400820716));
#1665=CARTESIAN_POINT('Ctrl Pts',(44.943558250476,2.2,8.51152400820716));
#1666=CARTESIAN_POINT('Ctrl Pts',(44.6950601540353,0.,8.89122950559328));
#1667=CARTESIAN_POINT('Ctrl Pts',(44.6950601540353,2.2,8.89122950559328));
#1668=CARTESIAN_POINT('Ctrl Pts',(44.4630429521609,0.,9.28331698623403));
#1669=CARTESIAN_POINT('Ctrl Pts',(44.4630429521609,2.2,9.28331698623403));
#1670=CARTESIAN_POINT('Ctrl Pts',(44.2631788237857,0.,9.66639649084571));
#1671=CARTESIAN_POINT('Ctrl Pts',(44.2631788237857,2.2,9.66639649084571));
#1672=CARTESIAN_POINT('Ctrl Pts',(44.1013693683852,0.,10.0366995684347));
#1673=CARTESIAN_POINT('Ctrl Pts',(44.1013693683852,2.2,10.0366995684347));
#1674=CARTESIAN_POINT('Ctrl Pts',(43.971472198321,0.,10.4104147090665));
#1675=CARTESIAN_POINT('Ctrl Pts',(43.971472198321,2.2,10.4104147090665));
#1676=CARTESIAN_POINT('Ctrl Pts',(43.8628080397966,0.,10.8089853532695));
#1677=CARTESIAN_POINT('Ctrl Pts',(43.8628080397966,2.2,10.8089853532695));
#1678=CARTESIAN_POINT('Ctrl Pts',(43.7650336561339,0.,11.2491050805626));
#1679=CARTESIAN_POINT('Ctrl Pts',(43.7650336561339,2.2,11.2491050805626));
#1680=CARTESIAN_POINT('Ctrl Pts',(43.674595464562,0.,11.7296328375781));
#1681=CARTESIAN_POINT('Ctrl Pts',(43.674595464562,2.2,11.7296328375781));
#1682=CARTESIAN_POINT('Ctrl Pts',(43.5930063445898,0.,12.2368078212356));
#1683=CARTESIAN_POINT('Ctrl Pts',(43.5930063445898,2.2,12.2368078212356));
#1684=CARTESIAN_POINT('Ctrl Pts',(43.5244650402386,0.,12.7510869593356));
#1685=CARTESIAN_POINT('Ctrl Pts',(43.5244650402386,2.2,12.7510869593356));
#1686=CARTESIAN_POINT('Ctrl Pts',(43.4738118020464,0.,13.2530789314403));
#1687=CARTESIAN_POINT('Ctrl Pts',(43.4738118020464,2.2,13.2530789314403));
#1688=CARTESIAN_POINT('Ctrl Pts',(43.4440824493502,0.,13.7306673539223));
#1689=CARTESIAN_POINT('Ctrl Pts',(43.4440824493502,2.2,13.7306673539223));
#1690=CARTESIAN_POINT('Ctrl Pts',(43.4381764080977,0.,14.0885494960667));
#1691=CARTESIAN_POINT('Ctrl Pts',(43.4381764080977,2.2,14.0885494960667));
#1692=CARTESIAN_POINT('Ctrl Pts',(43.444008054672,0.,14.3424780091389));
#1693=CARTESIAN_POINT('Ctrl Pts',(43.444008054672,2.2,14.3424780091389));
#1694=CARTESIAN_POINT('Ctrl Pts',(43.4524516709039,0.,14.5053350607041));
#1695=CARTESIAN_POINT('Ctrl Pts',(43.4524516709039,2.2,14.5053350607041));
#1696=CARTESIAN_POINT('Ctrl Pts',(43.4578125,0.,14.58515625));
#1697=CARTESIAN_POINT('Ctrl Pts',(43.4578125,2.2,14.58515625));
#1698=CARTESIAN_POINT('',(43.4578125,2.2,14.58515625));
#1699=CARTESIAN_POINT('',(43.4578125,0.,14.58515625));
#1700=CARTESIAN_POINT('',(80.2183593750001,2.2,3.81367187500002));
#1701=CARTESIAN_POINT('Ctrl Pts',(80.2183593750001,2.2,3.81367187500001));
#1702=CARTESIAN_POINT('Ctrl Pts',(79.586607208097,2.2,3.81476907787055));
#1703=CARTESIAN_POINT('Ctrl Pts',(78.3396072494154,2.2,3.81822567315177));
#1704=CARTESIAN_POINT('Ctrl Pts',(76.5186204330274,2.2,3.82719713444108));
#1705=CARTESIAN_POINT('Ctrl Pts',(74.1897439228716,2.2,3.84673831212087));
#1706=CARTESIAN_POINT('Ctrl Pts',(71.4442761342864,2.2,3.8838165312576));
#1707=CARTESIAN_POINT('Ctrl Pts',(68.8649891649664,2.2,3.93354429238746));
#1708=CARTESIAN_POINT('Ctrl Pts',(66.4523822625937,2.2,3.99587069016068));
#1709=CARTESIAN_POINT('Ctrl Pts',(64.2067403928285,2.2,4.07066878622288));
#1710=CARTESIAN_POINT('Ctrl Pts',(62.1279681206685,2.2,4.15770778795594));
#1711=CARTESIAN_POINT('Ctrl Pts',(60.2154173801063,2.2,4.25662441355948));
#1712=CARTESIAN_POINT('Ctrl Pts',(58.4677090780761,2.2,4.36689399157031));
#1713=CARTESIAN_POINT('Ctrl Pts',(56.8825472828405,2.2,4.48779981913692));
#1714=CARTESIAN_POINT('Ctrl Pts',(55.4565275472935,2.2,4.61840401279037));
#1715=CARTESIAN_POINT('Ctrl Pts',(54.1849344324628,2.2,4.75751215936278));
#1716=CARTESIAN_POINT('Ctrl Pts',(53.0615384001569,2.2,4.90364946311723));
#1717=CARTESIAN_POINT('Ctrl Pts',(52.0783672146821,2.2,5.05500712861879));
#1718=CARTESIAN_POINT('Ctrl Pts',(51.225508622629,2.2,5.20945495198018));
#1719=CARTESIAN_POINT('Ctrl Pts',(50.4908068308135,2.2,5.36439051336102));
#1720=CARTESIAN_POINT('Ctrl Pts',(49.859885672837,2.2,5.51712382347792));
#1721=CARTESIAN_POINT('Ctrl Pts',(49.3167075503706,2.2,5.66593204574405));
#1722=CARTESIAN_POINT('Ctrl Pts',(48.8439169969766,2.2,5.81108862678648));
#1723=CARTESIAN_POINT('Ctrl Pts',(48.4234275101883,2.2,5.95561975231921));
#1724=CARTESIAN_POINT('Ctrl Pts',(48.0364940589722,2.2,6.10689253479546));
#1725=CARTESIAN_POINT('Ctrl Pts',(47.6656165453005,2.2,6.27506357404294));
#1726=CARTESIAN_POINT('Ctrl Pts',(47.2986276464273,2.2,6.46790778676619));
#1727=CARTESIAN_POINT('Ctrl Pts',(46.9318311066821,2.2,6.68702634688174));
#1728=CARTESIAN_POINT('Ctrl Pts',(46.5744764921517,2.2,6.92246345766032));
#1729=CARTESIAN_POINT('Ctrl Pts',(46.240952714013,2.2,7.16068741885057));
#1730=CARTESIAN_POINT('Ctrl Pts',(45.9429897297426,2.2,7.39245910496739));
#1731=CARTESIAN_POINT('Ctrl Pts',(45.6796196614318,2.2,7.6233315578346));
#1732=CARTESIAN_POINT('Ctrl Pts',(45.4354156496727,2.2,7.87457897900194));
#1733=CARTESIAN_POINT('Ctrl Pts',(45.1930817371566,2.2,8.16768631634727));
#1734=CARTESIAN_POINT('Ctrl Pts',(44.943558250476,2.2,8.51152400820716));
#1735=CARTESIAN_POINT('Ctrl Pts',(44.6950601540353,2.2,8.89122950559328));
#1736=CARTESIAN_POINT('Ctrl Pts',(44.4630429521609,2.2,9.28331698623403));
#1737=CARTESIAN_POINT('Ctrl Pts',(44.2631788237857,2.2,9.66639649084571));
#1738=CARTESIAN_POINT('Ctrl Pts',(44.1013693683852,2.2,10.0366995684347));
#1739=CARTESIAN_POINT('Ctrl Pts',(43.971472198321,2.2,10.4104147090665));
#1740=CARTESIAN_POINT('Ctrl Pts',(43.8628080397966,2.2,10.8089853532695));
#1741=CARTESIAN_POINT('Ctrl Pts',(43.7650336561339,2.2,11.2491050805626));
#1742=CARTESIAN_POINT('Ctrl Pts',(43.674595464562,2.2,11.7296328375781));
#1743=CARTESIAN_POINT('Ctrl Pts',(43.5930063445898,2.2,12.2368078212356));
#1744=CARTESIAN_POINT('Ctrl Pts',(43.5244650402386,2.2,12.7510869593356));
#1745=CARTESIAN_POINT('Ctrl Pts',(43.4738118020464,2.2,13.2530789314403));
#1746=CARTESIAN_POINT('Ctrl Pts',(43.4440824493502,2.2,13.7306673539223));
#1747=CARTESIAN_POINT('Ctrl Pts',(43.4381764080977,2.2,14.0885494960667));
#1748=CARTESIAN_POINT('Ctrl Pts',(43.444008054672,2.2,14.3424780091389));
#1749=CARTESIAN_POINT('Ctrl Pts',(43.4524516709039,2.2,14.5053350607041));
#1750=CARTESIAN_POINT('Ctrl Pts',(43.4578125,2.2,14.58515625));
#1751=CARTESIAN_POINT('',(80.2183593750001,0.,3.81367187500002));
#1752=CARTESIAN_POINT('Origin',(43.4578125,0.,14.58515625));
#1753=CARTESIAN_POINT('',(43.4578124999999,2.2,147.93515625));
#1754=CARTESIAN_POINT('',(43.4578124999999,0.,147.93515625));
#1755=CARTESIAN_POINT('',(43.4578125,2.2,14.58515625));
#1756=CARTESIAN_POINT('Ctrl Pts',(43.4578124999999,0.,147.93515625));
#1757=CARTESIAN_POINT('Ctrl Pts',(43.4578124999999,2.2,147.93515625));
#1758=CARTESIAN_POINT('Ctrl Pts',(43.4559675065333,0.,148.007668583883));
#1759=CARTESIAN_POINT('Ctrl Pts',(43.4559675065333,2.2,148.007668583883));
#1760=CARTESIAN_POINT('Ctrl Pts',(43.4528231162543,0.,148.149928698918));
#1761=CARTESIAN_POINT('Ctrl Pts',(43.4528231162543,2.2,148.149928698918));
#1762=CARTESIAN_POINT('Ctrl Pts',(43.4497434457236,0.,148.355026083918));
#1763=CARTESIAN_POINT('Ctrl Pts',(43.4497434457236,2.2,148.355026083918));
#1764=CARTESIAN_POINT('Ctrl Pts',(43.4489125966133,0.,148.61188279141));
#1765=CARTESIAN_POINT('Ctrl Pts',(43.4489125966133,2.2,148.61188279141));
#1766=CARTESIAN_POINT('Ctrl Pts',(43.4534265556438,0.,148.906009526005));
#1767=CARTESIAN_POINT('Ctrl Pts',(43.4534265556438,2.2,148.906009526005));
#1768=CARTESIAN_POINT('Ctrl Pts',(43.4637270551924,0.,149.17538627561));
#1769=CARTESIAN_POINT('Ctrl Pts',(43.4637270551924,2.2,149.17538627561));
#1770=CARTESIAN_POINT('Ctrl Pts',(43.4803014684306,0.,149.424783689958));
#1771=CARTESIAN_POINT('Ctrl Pts',(43.4803014684306,2.2,149.424783689958));
#1772=CARTESIAN_POINT('Ctrl Pts',(43.5037605948326,0.,149.660820453629));
#1773=CARTESIAN_POINT('Ctrl Pts',(43.5037605948326,2.2,149.660820453629));
#1774=CARTESIAN_POINT('Ctrl Pts',(43.5346694773311,0.,149.890493735118));
#1775=CARTESIAN_POINT('Ctrl Pts',(43.5346694773311,2.2,149.890493735118));
#1776=CARTESIAN_POINT('Ctrl Pts',(43.573234334951,0.,150.119576945469));
#1777=CARTESIAN_POINT('Ctrl Pts',(43.573234334951,2.2,150.119576945469));
#1778=CARTESIAN_POINT('Ctrl Pts',(43.6201258996698,0.,150.353602089329));
#1779=CARTESIAN_POINT('Ctrl Pts',(43.6201258996698,2.2,150.353602089329));
#1780=CARTESIAN_POINT('Ctrl Pts',(43.6776055657055,0.,150.599581750524));
#1781=CARTESIAN_POINT('Ctrl Pts',(43.6776055657055,2.2,150.599581750524));
#1782=CARTESIAN_POINT('Ctrl Pts',(43.7505617691542,0.,150.867511462339));
#1783=CARTESIAN_POINT('Ctrl Pts',(43.7505617691542,2.2,150.867511462339));
#1784=CARTESIAN_POINT('Ctrl Pts',(43.8443959210381,0.,151.165821704965));
#1785=CARTESIAN_POINT('Ctrl Pts',(43.8443959210381,2.2,151.165821704965));
#1786=CARTESIAN_POINT('Ctrl Pts',(43.96302181608,0.,151.497120998706));
#1787=CARTESIAN_POINT('Ctrl Pts',(43.96302181608,2.2,151.497120998706));
#1788=CARTESIAN_POINT('Ctrl Pts',(44.1065494921689,0.,151.853096036979));
#1789=CARTESIAN_POINT('Ctrl Pts',(44.1065494921689,2.2,151.853096036979));
#1790=CARTESIAN_POINT('Ctrl Pts',(44.2724974829339,0.,152.218782713548));
#1791=CARTESIAN_POINT('Ctrl Pts',(44.2724974829339,2.2,152.218782713548));
#1792=CARTESIAN_POINT('Ctrl Pts',(44.4573945924545,0.,152.577854477766));
#1793=CARTESIAN_POINT('Ctrl Pts',(44.4573945924545,2.2,152.577854477766));
#1794=CARTESIAN_POINT('Ctrl Pts',(44.6582678516688,0.,152.917656892754));
#1795=CARTESIAN_POINT('Ctrl Pts',(44.6582678516688,2.2,152.917656892754));
#1796=CARTESIAN_POINT('Ctrl Pts',(44.874091752683,0.,153.234030206548));
#1797=CARTESIAN_POINT('Ctrl Pts',(44.874091752683,2.2,153.234030206548));
#1798=CARTESIAN_POINT('Ctrl Pts',(45.1050134123849,0.,153.528493107097));
#1799=CARTESIAN_POINT('Ctrl Pts',(45.1050134123849,2.2,153.528493107097));
#1800=CARTESIAN_POINT('Ctrl Pts',(45.3517700425824,0.,153.805914436158));
#1801=CARTESIAN_POINT('Ctrl Pts',(45.3517700425824,2.2,153.805914436158));
#1802=CARTESIAN_POINT('Ctrl Pts',(45.614878822591,0.,154.071829561928));
#1803=CARTESIAN_POINT('Ctrl Pts',(45.614878822591,2.2,154.071829561928));
#1804=CARTESIAN_POINT('Ctrl Pts',(45.8944076180197,0.,154.330470888195));
#1805=CARTESIAN_POINT('Ctrl Pts',(45.8944076180197,2.2,154.330470888195));
#1806=CARTESIAN_POINT('Ctrl Pts',(46.1918710266919,0.,154.58496629865));
#1807=CARTESIAN_POINT('Ctrl Pts',(46.1918710266919,2.2,154.58496629865));
#1808=CARTESIAN_POINT('Ctrl Pts',(46.5116009177715,0.,154.837209188278));
#1809=CARTESIAN_POINT('Ctrl Pts',(46.5116009177715,2.2,154.837209188278));
#1810=CARTESIAN_POINT('Ctrl Pts',(46.8627288280256,0.,155.087806039826));
#1811=CARTESIAN_POINT('Ctrl Pts',(46.8627288280256,2.2,155.087806039826));
#1812=CARTESIAN_POINT('Ctrl Pts',(47.2595621722412,0.,155.336147593312));
#1813=CARTESIAN_POINT('Ctrl Pts',(47.2595621722412,2.2,155.336147593312));
#1814=CARTESIAN_POINT('Ctrl Pts',(47.719464045591,0.,155.580799238487));
#1815=CARTESIAN_POINT('Ctrl Pts',(47.719464045591,2.2,155.580799238487));
#1816=CARTESIAN_POINT('Ctrl Pts',(48.2612572027896,0.,155.819820209868));
#1817=CARTESIAN_POINT('Ctrl Pts',(48.2612572027896,2.2,155.819820209868));
#1818=CARTESIAN_POINT('Ctrl Pts',(48.9035380040048,0.,156.051088618854));
#1819=CARTESIAN_POINT('Ctrl Pts',(48.9035380040048,2.2,156.051088618854));
#1820=CARTESIAN_POINT('Ctrl Pts',(49.6627391901458,0.,156.272675552795));
#1821=CARTESIAN_POINT('Ctrl Pts',(49.6627391901458,2.2,156.272675552795));
#1822=CARTESIAN_POINT('Ctrl Pts',(50.5525283822287,0.,156.482973359578));
#1823=CARTESIAN_POINT('Ctrl Pts',(50.5525283822287,2.2,156.482973359578));
#1824=CARTESIAN_POINT('Ctrl Pts',(51.5842832356166,0.,156.680627857761));
#1825=CARTESIAN_POINT('Ctrl Pts',(51.5842832356166,2.2,156.680627857761));
#1826=CARTESIAN_POINT('Ctrl Pts',(52.7672403001562,0.,156.864528857079));
#1827=CARTESIAN_POINT('Ctrl Pts',(52.7672403001562,2.2,156.864528857079));
#1828=CARTESIAN_POINT('Ctrl Pts',(54.1087648929646,0.,157.033778032192));
#1829=CARTESIAN_POINT('Ctrl Pts',(54.1087648929646,2.2,157.033778032192));
#1830=CARTESIAN_POINT('Ctrl Pts',(55.6145559218502,0.,157.187667849781));
#1831=CARTESIAN_POINT('Ctrl Pts',(55.6145559218502,2.2,157.187667849781));
#1832=CARTESIAN_POINT('Ctrl Pts',(57.2888659387795,0.,157.325657044069));
#1833=CARTESIAN_POINT('Ctrl Pts',(57.2888659387795,2.2,157.325657044069));
#1834=CARTESIAN_POINT('Ctrl Pts',(59.1347023377396,0.,157.447348837035));
#1835=CARTESIAN_POINT('Ctrl Pts',(59.1347023377396,2.2,157.447348837035));
#1836=CARTESIAN_POINT('Ctrl Pts',(61.1540248816045,0.,157.552469183257));
#1837=CARTESIAN_POINT('Ctrl Pts',(61.1540248816045,2.2,157.552469183257));
#1838=CARTESIAN_POINT('Ctrl Pts',(63.3479335560041,0.,157.640846154903));
#1839=CARTESIAN_POINT('Ctrl Pts',(63.3479335560041,2.2,157.640846154903));
#1840=CARTESIAN_POINT('Ctrl Pts',(65.7168498918891,0.,157.712389927964));
#1841=CARTESIAN_POINT('Ctrl Pts',(65.7168498918891,2.2,157.712389927964));
#1842=CARTESIAN_POINT('Ctrl Pts',(68.2606909765827,0.,157.767073541008));
#1843=CARTESIAN_POINT('Ctrl Pts',(68.2606909765827,2.2,157.767073541008));
#1844=CARTESIAN_POINT('Ctrl Pts',(70.9790370667734,0.,157.804914290851));
#1845=CARTESIAN_POINT('Ctrl Pts',(70.9790370667734,2.2,157.804914290851));
#1846=CARTESIAN_POINT('Ctrl Pts',(73.8712929952561,0.,157.82595576038));
#1847=CARTESIAN_POINT('Ctrl Pts',(73.8712929952561,2.2,157.82595576038));
#1848=CARTESIAN_POINT('Ctrl Pts',(76.3237336827132,0.,157.82939148717));
#1849=CARTESIAN_POINT('Ctrl Pts',(76.3237336827132,2.2,157.82939148717));
#1850=CARTESIAN_POINT('Ctrl Pts',(78.2408289796739,0.,157.824452237697));
#1851=CARTESIAN_POINT('Ctrl Pts',(78.2408289796739,2.2,157.824452237697));
#1852=CARTESIAN_POINT('Ctrl Pts',(79.5534268525306,0.,157.817821625766));
#1853=CARTESIAN_POINT('Ctrl Pts',(79.5534268525306,2.2,157.817821625766));
#1854=CARTESIAN_POINT('Ctrl Pts',(80.2183593749999,0.,157.813671875));
#1855=CARTESIAN_POINT('Ctrl Pts',(80.2183593749999,2.2,157.813671875));
#1856=CARTESIAN_POINT('',(80.2183593749999,2.2,157.813671875));
#1857=CARTESIAN_POINT('',(80.2183593749999,0.,157.813671875));
#1858=CARTESIAN_POINT('Ctrl Pts',(43.4578124999999,2.2,147.93515625));
#1859=CARTESIAN_POINT('Ctrl Pts',(43.4559675065333,2.2,148.007668583883));
#1860=CARTESIAN_POINT('Ctrl Pts',(43.4528231162543,2.2,148.149928698918));
#1861=CARTESIAN_POINT('Ctrl Pts',(43.4497434457236,2.2,148.355026083918));
#1862=CARTESIAN_POINT('Ctrl Pts',(43.4489125966133,2.2,148.61188279141));
#1863=CARTESIAN_POINT('Ctrl Pts',(43.4534265556438,2.2,148.906009526005));
#1864=CARTESIAN_POINT('Ctrl Pts',(43.4637270551924,2.2,149.17538627561));
#1865=CARTESIAN_POINT('Ctrl Pts',(43.4803014684306,2.2,149.424783689958));
#1866=CARTESIAN_POINT('Ctrl Pts',(43.5037605948326,2.2,149.660820453629));
#1867=CARTESIAN_POINT('Ctrl Pts',(43.5346694773311,2.2,149.890493735118));
#1868=CARTESIAN_POINT('Ctrl Pts',(43.573234334951,2.2,150.119576945469));
#1869=CARTESIAN_POINT('Ctrl Pts',(43.6201258996698,2.2,150.353602089329));
#1870=CARTESIAN_POINT('Ctrl Pts',(43.6776055657055,2.2,150.599581750524));
#1871=CARTESIAN_POINT('Ctrl Pts',(43.7505617691542,2.2,150.867511462339));
#1872=CARTESIAN_POINT('Ctrl Pts',(43.8443959210381,2.2,151.165821704965));
#1873=CARTESIAN_POINT('Ctrl Pts',(43.96302181608,2.2,151.497120998706));
#1874=CARTESIAN_POINT('Ctrl Pts',(44.1065494921689,2.2,151.853096036979));
#1875=CARTESIAN_POINT('Ctrl Pts',(44.2724974829339,2.2,152.218782713548));
#1876=CARTESIAN_POINT('Ctrl Pts',(44.4573945924545,2.2,152.577854477766));
#1877=CARTESIAN_POINT('Ctrl Pts',(44.6582678516688,2.2,152.917656892754));
#1878=CARTESIAN_POINT('Ctrl Pts',(44.874091752683,2.2,153.234030206548));
#1879=CARTESIAN_POINT('Ctrl Pts',(45.1050134123849,2.2,153.528493107097));
#1880=CARTESIAN_POINT('Ctrl Pts',(45.3517700425824,2.2,153.805914436158));
#1881=CARTESIAN_POINT('Ctrl Pts',(45.614878822591,2.2,154.071829561928));
#1882=CARTESIAN_POINT('Ctrl Pts',(45.8944076180197,2.2,154.330470888195));
#1883=CARTESIAN_POINT('Ctrl Pts',(46.1918710266919,2.2,154.58496629865));
#1884=CARTESIAN_POINT('Ctrl Pts',(46.5116009177715,2.2,154.837209188278));
#1885=CARTESIAN_POINT('Ctrl Pts',(46.8627288280256,2.2,155.087806039826));
#1886=CARTESIAN_POINT('Ctrl Pts',(47.2595621722412,2.2,155.336147593312));
#1887=CARTESIAN_POINT('Ctrl Pts',(47.719464045591,2.2,155.580799238487));
#1888=CARTESIAN_POINT('Ctrl Pts',(48.2612572027896,2.2,155.819820209868));
#1889=CARTESIAN_POINT('Ctrl Pts',(48.9035380040048,2.2,156.051088618854));
#1890=CARTESIAN_POINT('Ctrl Pts',(49.6627391901458,2.2,156.272675552795));
#1891=CARTESIAN_POINT('Ctrl Pts',(50.5525283822287,2.2,156.482973359578));
#1892=CARTESIAN_POINT('Ctrl Pts',(51.5842832356166,2.2,156.680627857761));
#1893=CARTESIAN_POINT('Ctrl Pts',(52.7672403001562,2.2,156.864528857079));
#1894=CARTESIAN_POINT('Ctrl Pts',(54.1087648929646,2.2,157.033778032192));
#1895=CARTESIAN_POINT('Ctrl Pts',(55.6145559218502,2.2,157.187667849781));
#1896=CARTESIAN_POINT('Ctrl Pts',(57.2888659387795,2.2,157.325657044069));
#1897=CARTESIAN_POINT('Ctrl Pts',(59.1347023377396,2.2,157.447348837035));
#1898=CARTESIAN_POINT('Ctrl Pts',(61.1540248816045,2.2,157.552469183257));
#1899=CARTESIAN_POINT('Ctrl Pts',(63.3479335560041,2.2,157.640846154903));
#1900=CARTESIAN_POINT('Ctrl Pts',(65.7168498918891,2.2,157.712389927964));
#1901=CARTESIAN_POINT('Ctrl Pts',(68.2606909765827,2.2,157.767073541008));
#1902=CARTESIAN_POINT('Ctrl Pts',(70.9790370667734,2.2,157.804914290851));
#1903=CARTESIAN_POINT('Ctrl Pts',(73.8712929952561,2.2,157.82595576038));
#1904=CARTESIAN_POINT('Ctrl Pts',(76.3237336827132,2.2,157.82939148717));
#1905=CARTESIAN_POINT('Ctrl Pts',(78.2408289796739,2.2,157.824452237697));
#1906=CARTESIAN_POINT('Ctrl Pts',(79.5534268525306,2.2,157.817821625766));
#1907=CARTESIAN_POINT('Ctrl Pts',(80.2183593749999,2.2,157.813671875));
#1908=CARTESIAN_POINT('Ctrl Pts',(80.218359375,0.,157.813671875));
#1909=CARTESIAN_POINT('Ctrl Pts',(80.218359375,2.2,157.813671875));
#1910=CARTESIAN_POINT('Ctrl Pts',(80.8832918974693,0.,157.817821625766));
#1911=CARTESIAN_POINT('Ctrl Pts',(80.8832918974693,2.2,157.817821625766));
#1912=CARTESIAN_POINT('Ctrl Pts',(82.1958897703259,0.,157.824452237697));
#1913=CARTESIAN_POINT('Ctrl Pts',(82.1958897703259,2.2,157.824452237697));
#1914=CARTESIAN_POINT('Ctrl Pts',(84.1129850672867,0.,157.82939148717));
#1915=CARTESIAN_POINT('Ctrl Pts',(84.1129850672867,2.2,157.82939148717));
#1916=CARTESIAN_POINT('Ctrl Pts',(86.5654257547438,0.,157.82595576038));
#1917=CARTESIAN_POINT('Ctrl Pts',(86.5654257547438,2.2,157.82595576038));
#1918=CARTESIAN_POINT('Ctrl Pts',(89.4576816832265,0.,157.804914290851));
#1919=CARTESIAN_POINT('Ctrl Pts',(89.4576816832265,2.2,157.804914290851));
#1920=CARTESIAN_POINT('Ctrl Pts',(92.1760277734172,0.,157.767073541008));
#1921=CARTESIAN_POINT('Ctrl Pts',(92.1760277734172,2.2,157.767073541008));
#1922=CARTESIAN_POINT('Ctrl Pts',(94.7198688581108,0.,157.712389927964));
#1923=CARTESIAN_POINT('Ctrl Pts',(94.7198688581108,2.2,157.712389927964));
#1924=CARTESIAN_POINT('Ctrl Pts',(97.0887851939958,0.,157.640846154903));
#1925=CARTESIAN_POINT('Ctrl Pts',(97.0887851939958,2.2,157.640846154903));
#1926=CARTESIAN_POINT('Ctrl Pts',(99.2826938683954,0.,157.552469183257));
#1927=CARTESIAN_POINT('Ctrl Pts',(99.2826938683954,2.2,157.552469183257));
#1928=CARTESIAN_POINT('Ctrl Pts',(101.30201641226,0.,157.447348837035));
#1929=CARTESIAN_POINT('Ctrl Pts',(101.30201641226,2.2,157.447348837035));
#1930=CARTESIAN_POINT('Ctrl Pts',(103.14785281122,0.,157.325657044069));
#1931=CARTESIAN_POINT('Ctrl Pts',(103.14785281122,2.2,157.325657044069));
#1932=CARTESIAN_POINT('Ctrl Pts',(104.82216282815,0.,157.187667849781));
#1933=CARTESIAN_POINT('Ctrl Pts',(104.82216282815,2.2,157.187667849781));
#1934=CARTESIAN_POINT('Ctrl Pts',(106.327953857035,0.,157.033778032192));
#1935=CARTESIAN_POINT('Ctrl Pts',(106.327953857035,2.2,157.033778032192));
#1936=CARTESIAN_POINT('Ctrl Pts',(107.669478449844,0.,156.864528857079));
#1937=CARTESIAN_POINT('Ctrl Pts',(107.669478449844,2.2,156.864528857079));
#1938=CARTESIAN_POINT('Ctrl Pts',(108.852435514383,0.,156.680627857761));
#1939=CARTESIAN_POINT('Ctrl Pts',(108.852435514383,2.2,156.680627857761));
#1940=CARTESIAN_POINT('Ctrl Pts',(109.884190367771,0.,156.482973359578));
#1941=CARTESIAN_POINT('Ctrl Pts',(109.884190367771,2.2,156.482973359578));
#1942=CARTESIAN_POINT('Ctrl Pts',(110.773979559854,0.,156.272675552795));
#1943=CARTESIAN_POINT('Ctrl Pts',(110.773979559854,2.2,156.272675552795));
#1944=CARTESIAN_POINT('Ctrl Pts',(111.533180745995,0.,156.051088618854));
#1945=CARTESIAN_POINT('Ctrl Pts',(111.533180745995,2.2,156.051088618854));
#1946=CARTESIAN_POINT('Ctrl Pts',(112.17546154721,0.,155.819820209868));
#1947=CARTESIAN_POINT('Ctrl Pts',(112.17546154721,2.2,155.819820209868));
#1948=CARTESIAN_POINT('Ctrl Pts',(112.717254704409,0.,155.580799238488));
#1949=CARTESIAN_POINT('Ctrl Pts',(112.717254704409,2.2,155.580799238488));
#1950=CARTESIAN_POINT('Ctrl Pts',(113.177156577759,0.,155.336147593312));
#1951=CARTESIAN_POINT('Ctrl Pts',(113.177156577759,2.2,155.336147593312));
#1952=CARTESIAN_POINT('Ctrl Pts',(113.573989921974,0.,155.087806039826));
#1953=CARTESIAN_POINT('Ctrl Pts',(113.573989921974,2.2,155.087806039826));
#1954=CARTESIAN_POINT('Ctrl Pts',(113.925117832228,0.,154.837209188278));
#1955=CARTESIAN_POINT('Ctrl Pts',(113.925117832228,2.2,154.837209188278));
#1956=CARTESIAN_POINT('Ctrl Pts',(114.244847723308,0.,154.58496629865));
#1957=CARTESIAN_POINT('Ctrl Pts',(114.244847723308,2.2,154.58496629865));
#1958=CARTESIAN_POINT('Ctrl Pts',(114.54231113198,0.,154.330470888195));
#1959=CARTESIAN_POINT('Ctrl Pts',(114.54231113198,2.2,154.330470888195));
#1960=CARTESIAN_POINT('Ctrl Pts',(114.821839927409,0.,154.071829561928));
#1961=CARTESIAN_POINT('Ctrl Pts',(114.821839927409,2.2,154.071829561928));
#1962=CARTESIAN_POINT('Ctrl Pts',(115.084948707417,0.,153.805914436158));
#1963=CARTESIAN_POINT('Ctrl Pts',(115.084948707417,2.2,153.805914436158));
#1964=CARTESIAN_POINT('Ctrl Pts',(115.331705337615,0.,153.528493107097));
#1965=CARTESIAN_POINT('Ctrl Pts',(115.331705337615,2.2,153.528493107097));
#1966=CARTESIAN_POINT('Ctrl Pts',(115.562626997317,0.,153.234030206548));
#1967=CARTESIAN_POINT('Ctrl Pts',(115.562626997317,2.2,153.234030206548));
#1968=CARTESIAN_POINT('Ctrl Pts',(115.778450898331,0.,152.917656892754));
#1969=CARTESIAN_POINT('Ctrl Pts',(115.778450898331,2.2,152.917656892754));
#1970=CARTESIAN_POINT('Ctrl Pts',(115.979324157545,0.,152.577854477766));
#1971=CARTESIAN_POINT('Ctrl Pts',(115.979324157545,2.2,152.577854477766));
#1972=CARTESIAN_POINT('Ctrl Pts',(116.164221267066,0.,152.218782713548));
#1973=CARTESIAN_POINT('Ctrl Pts',(116.164221267066,2.2,152.218782713548));
#1974=CARTESIAN_POINT('Ctrl Pts',(116.330169257831,0.,151.853096036979));
#1975=CARTESIAN_POINT('Ctrl Pts',(116.330169257831,2.2,151.853096036979));
#1976=CARTESIAN_POINT('Ctrl Pts',(116.47369693392,0.,151.497120998706));
#1977=CARTESIAN_POINT('Ctrl Pts',(116.47369693392,2.2,151.497120998706));
#1978=CARTESIAN_POINT('Ctrl Pts',(116.592322828962,0.,151.165821704965));
#1979=CARTESIAN_POINT('Ctrl Pts',(116.592322828962,2.2,151.165821704965));
#1980=CARTESIAN_POINT('Ctrl Pts',(116.686156980846,0.,150.867511462339));
#1981=CARTESIAN_POINT('Ctrl Pts',(116.686156980846,2.2,150.867511462339));
#1982=CARTESIAN_POINT('Ctrl Pts',(116.759113184294,0.,150.599581750524));
#1983=CARTESIAN_POINT('Ctrl Pts',(116.759113184294,2.2,150.599581750524));
#1984=CARTESIAN_POINT('Ctrl Pts',(116.81659285033,0.,150.353602089329));
#1985=CARTESIAN_POINT('Ctrl Pts',(116.81659285033,2.2,150.353602089329));
#1986=CARTESIAN_POINT('Ctrl Pts',(116.863484415049,0.,150.119576945469));
#1987=CARTESIAN_POINT('Ctrl Pts',(116.863484415049,2.2,150.119576945469));
#1988=CARTESIAN_POINT('Ctrl Pts',(116.902049272669,0.,149.890493735118));
#1989=CARTESIAN_POINT('Ctrl Pts',(116.902049272669,2.2,149.890493735118));
#1990=CARTESIAN_POINT('Ctrl Pts',(116.932958155167,0.,149.660820453629));
#1991=CARTESIAN_POINT('Ctrl Pts',(116.932958155167,2.2,149.660820453629));
#1992=CARTESIAN_POINT('Ctrl Pts',(116.956417281569,0.,149.424783689958));
#1993=CARTESIAN_POINT('Ctrl Pts',(116.956417281569,2.2,149.424783689958));
#1994=CARTESIAN_POINT('Ctrl Pts',(116.972991694807,0.,149.17538627561));
#1995=CARTESIAN_POINT('Ctrl Pts',(116.972991694807,2.2,149.17538627561));
#1996=CARTESIAN_POINT('Ctrl Pts',(116.983292194356,0.,148.906009526005));
#1997=CARTESIAN_POINT('Ctrl Pts',(116.983292194356,2.2,148.906009526005));
#1998=CARTESIAN_POINT('Ctrl Pts',(116.987806153387,0.,148.61188279141));
#1999=CARTESIAN_POINT('Ctrl Pts',(116.987806153387,2.2,148.61188279141));
#2000=CARTESIAN_POINT('Ctrl Pts',(116.986975304276,0.,148.355026083918));
#2001=CARTESIAN_POINT('Ctrl Pts',(116.986975304276,2.2,148.355026083918));
#2002=CARTESIAN_POINT('Ctrl Pts',(116.983895633746,0.,148.149928698918));
#2003=CARTESIAN_POINT('Ctrl Pts',(116.983895633746,2.2,148.149928698918));
#2004=CARTESIAN_POINT('Ctrl Pts',(116.980751243467,0.,148.007668583883));
#2005=CARTESIAN_POINT('Ctrl Pts',(116.980751243467,2.2,148.007668583883));
#2006=CARTESIAN_POINT('Ctrl Pts',(116.97890625,0.,147.93515625));
#2007=CARTESIAN_POINT('Ctrl Pts',(116.97890625,2.2,147.93515625));
#2008=CARTESIAN_POINT('',(116.97890625,2.2,147.93515625));
#2009=CARTESIAN_POINT('',(116.97890625,0.,147.93515625));
#2010=CARTESIAN_POINT('Ctrl Pts',(80.218359375,2.2,157.813671875));
#2011=CARTESIAN_POINT('Ctrl Pts',(80.8832918974693,2.2,157.817821625766));
#2012=CARTESIAN_POINT('Ctrl Pts',(82.1958897703259,2.2,157.824452237697));
#2013=CARTESIAN_POINT('Ctrl Pts',(84.1129850672867,2.2,157.82939148717));
#2014=CARTESIAN_POINT('Ctrl Pts',(86.5654257547438,2.2,157.82595576038));
#2015=CARTESIAN_POINT('Ctrl Pts',(89.4576816832265,2.2,157.804914290851));
#2016=CARTESIAN_POINT('Ctrl Pts',(92.1760277734172,2.2,157.767073541008));
#2017=CARTESIAN_POINT('Ctrl Pts',(94.7198688581108,2.2,157.712389927964));
#2018=CARTESIAN_POINT('Ctrl Pts',(97.0887851939958,2.2,157.640846154903));
#2019=CARTESIAN_POINT('Ctrl Pts',(99.2826938683954,2.2,157.552469183257));
#2020=CARTESIAN_POINT('Ctrl Pts',(101.30201641226,2.2,157.447348837035));
#2021=CARTESIAN_POINT('Ctrl Pts',(103.14785281122,2.2,157.325657044069));
#2022=CARTESIAN_POINT('Ctrl Pts',(104.82216282815,2.2,157.187667849781));
#2023=CARTESIAN_POINT('Ctrl Pts',(106.327953857035,2.2,157.033778032192));
#2024=CARTESIAN_POINT('Ctrl Pts',(107.669478449844,2.2,156.864528857079));
#2025=CARTESIAN_POINT('Ctrl Pts',(108.852435514383,2.2,156.680627857761));
#2026=CARTESIAN_POINT('Ctrl Pts',(109.884190367771,2.2,156.482973359578));
#2027=CARTESIAN_POINT('Ctrl Pts',(110.773979559854,2.2,156.272675552795));
#2028=CARTESIAN_POINT('Ctrl Pts',(111.533180745995,2.2,156.051088618854));
#2029=CARTESIAN_POINT('Ctrl Pts',(112.17546154721,2.2,155.819820209868));
#2030=CARTESIAN_POINT('Ctrl Pts',(112.717254704409,2.2,155.580799238488));
#2031=CARTESIAN_POINT('Ctrl Pts',(113.177156577759,2.2,155.336147593312));
#2032=CARTESIAN_POINT('Ctrl Pts',(113.573989921974,2.2,155.087806039826));
#2033=CARTESIAN_POINT('Ctrl Pts',(113.925117832228,2.2,154.837209188278));
#2034=CARTESIAN_POINT('Ctrl Pts',(114.244847723308,2.2,154.58496629865));
#2035=CARTESIAN_POINT('Ctrl Pts',(114.54231113198,2.2,154.330470888195));
#2036=CARTESIAN_POINT('Ctrl Pts',(114.821839927409,2.2,154.071829561928));
#2037=CARTESIAN_POINT('Ctrl Pts',(115.084948707417,2.2,153.805914436158));
#2038=CARTESIAN_POINT('Ctrl Pts',(115.331705337615,2.2,153.528493107097));
#2039=CARTESIAN_POINT('Ctrl Pts',(115.562626997317,2.2,153.234030206548));
#2040=CARTESIAN_POINT('Ctrl Pts',(115.778450898331,2.2,152.917656892754));
#2041=CARTESIAN_POINT('Ctrl Pts',(115.979324157545,2.2,152.577854477766));
#2042=CARTESIAN_POINT('Ctrl Pts',(116.164221267066,2.2,152.218782713548));
#2043=CARTESIAN_POINT('Ctrl Pts',(116.330169257831,2.2,151.853096036979));
#2044=CARTESIAN_POINT('Ctrl Pts',(116.47369693392,2.2,151.497120998706));
#2045=CARTESIAN_POINT('Ctrl Pts',(116.592322828962,2.2,151.165821704965));
#2046=CARTESIAN_POINT('Ctrl Pts',(116.686156980846,2.2,150.867511462339));
#2047=CARTESIAN_POINT('Ctrl Pts',(116.759113184294,2.2,150.599581750524));
#2048=CARTESIAN_POINT('Ctrl Pts',(116.81659285033,2.2,150.353602089329));
#2049=CARTESIAN_POINT('Ctrl Pts',(116.863484415049,2.2,150.119576945469));
#2050=CARTESIAN_POINT('Ctrl Pts',(116.902049272669,2.2,149.890493735118));
#2051=CARTESIAN_POINT('Ctrl Pts',(116.932958155167,2.2,149.660820453629));
#2052=CARTESIAN_POINT('Ctrl Pts',(116.956417281569,2.2,149.424783689958));
#2053=CARTESIAN_POINT('Ctrl Pts',(116.972991694807,2.2,149.17538627561));
#2054=CARTESIAN_POINT('Ctrl Pts',(116.983292194356,2.2,148.906009526005));
#2055=CARTESIAN_POINT('Ctrl Pts',(116.987806153387,2.2,148.61188279141));
#2056=CARTESIAN_POINT('Ctrl Pts',(116.986975304276,2.2,148.355026083918));
#2057=CARTESIAN_POINT('Ctrl Pts',(116.983895633746,2.2,148.149928698918));
#2058=CARTESIAN_POINT('Ctrl Pts',(116.980751243467,2.2,148.007668583883));
#2059=CARTESIAN_POINT('Ctrl Pts',(116.97890625,2.2,147.93515625));
#2060=CARTESIAN_POINT('Origin',(80.2129912807422,0.,80.8215316810851));
#2061=CARTESIAN_POINT('',(68.468359375,0.,27.960833875));
#2062=CARTESIAN_POINT('Origin',(80.218359375,0.,27.960833875));
#2063=CARTESIAN_POINT('',(62.7183593749999,0.,154.632421875));
#2064=CARTESIAN_POINT('Origin',(63.7183593749999,0.,154.632421875));
#2065=CARTESIAN_POINT('Origin',(80.218359375,2.2,139.644258813912));
#2066=CARTESIAN_POINT('',(80.818359375,3.1,139.644258813912));
#2067=CARTESIAN_POINT('Origin',(80.218359375,3.1,139.644258813912));
#2068=CARTESIAN_POINT('',(80.818359375,2.2,139.644258813912));
#2069=CARTESIAN_POINT('Origin',(80.218359375,2.2,139.644258813912));
#2070=CARTESIAN_POINT('Origin',(80.218359375,3.1,139.644258813912));
#2071=CARTESIAN_POINT('Origin',(80.218359375,0.,27.960833875));
#2072=CARTESIAN_POINT('',(68.468359375,2.2,27.960833875));
#2073=CARTESIAN_POINT('Origin',(80.218359375,2.2,27.960833875));
#2074=CARTESIAN_POINT('Origin',(63.7183593749999,0.,154.632421875));
#2075=CARTESIAN_POINT('',(62.7183593749999,2.2,154.632421875));
#2076=CARTESIAN_POINT('Origin',(63.7183593749999,2.2,154.632421875));
#2077=CARTESIAN_POINT('Ctrl Pts',(116.863735253964,0.,12.402398694306));
#2078=CARTESIAN_POINT('Ctrl Pts',(116.863735253964,2.2,12.402398694306));
#2079=CARTESIAN_POINT('Ctrl Pts',(116.859223093007,0.,12.3696052271397));
#2080=CARTESIAN_POINT('Ctrl Pts',(116.859223093007,2.2,12.3696052271397));
#2081=CARTESIAN_POINT('Ctrl Pts',(116.840355143874,0.,12.2347524198356));
#2082=CARTESIAN_POINT('Ctrl Pts',(116.840355143874,2.2,12.2347524198356));
#2083=CARTESIAN_POINT('Ctrl Pts',(116.805039495994,0.,11.9982898455016));
#2084=CARTESIAN_POINT('Ctrl Pts',(116.805039495994,2.2,11.9982898455016));
#2085=CARTESIAN_POINT('Ctrl Pts',(116.749846409615,0.,11.6644017720307));
#2086=CARTESIAN_POINT('Ctrl Pts',(116.749846409615,2.2,11.6644017720307));
#2087=CARTESIAN_POINT('Ctrl Pts',(116.671685093866,0.,11.2491050805627));
#2088=CARTESIAN_POINT('Ctrl Pts',(116.671685093866,2.2,11.2491050805627));
#2089=CARTESIAN_POINT('Ctrl Pts',(116.573910710203,0.,10.8089853532696));
#2090=CARTESIAN_POINT('Ctrl Pts',(116.573910710203,2.2,10.8089853532696));
#2091=CARTESIAN_POINT('Ctrl Pts',(116.465246551679,0.,10.4104147090666));
#2092=CARTESIAN_POINT('Ctrl Pts',(116.465246551679,2.2,10.4104147090666));
#2093=CARTESIAN_POINT('Ctrl Pts',(116.335349381615,0.,10.0366995684348));
#2094=CARTESIAN_POINT('Ctrl Pts',(116.335349381615,2.2,10.0366995684348));
#2095=CARTESIAN_POINT('Ctrl Pts',(116.173539926214,0.,9.66639649084578));
#2096=CARTESIAN_POINT('Ctrl Pts',(116.173539926214,2.2,9.66639649084578));
#2097=CARTESIAN_POINT('Ctrl Pts',(115.973675797839,0.,9.2833169862341));
#2098=CARTESIAN_POINT('Ctrl Pts',(115.973675797839,2.2,9.2833169862341));
#2099=CARTESIAN_POINT('Ctrl Pts',(115.741658595965,0.,8.89122950559335));
#2100=CARTESIAN_POINT('Ctrl Pts',(115.741658595965,2.2,8.89122950559335));
#2101=CARTESIAN_POINT('Ctrl Pts',(115.493160499524,0.,8.51152400820723));
#2102=CARTESIAN_POINT('Ctrl Pts',(115.493160499524,2.2,8.51152400820723));
#2103=CARTESIAN_POINT('Ctrl Pts',(115.243637012844,0.,8.16768631634734));
#2104=CARTESIAN_POINT('Ctrl Pts',(115.243637012844,2.2,8.16768631634734));
#2105=CARTESIAN_POINT('Ctrl Pts',(115.001303100327,0.,7.87457897900201));
#2106=CARTESIAN_POINT('Ctrl Pts',(115.001303100327,2.2,7.87457897900201));
#2107=CARTESIAN_POINT('Ctrl Pts',(114.757099088568,0.,7.62333155783467));
#2108=CARTESIAN_POINT('Ctrl Pts',(114.757099088568,2.2,7.62333155783467));
#2109=CARTESIAN_POINT('Ctrl Pts',(114.493729020258,0.,7.39245910496746));
#2110=CARTESIAN_POINT('Ctrl Pts',(114.493729020258,2.2,7.39245910496746));
#2111=CARTESIAN_POINT('Ctrl Pts',(114.195766035987,0.,7.16068741885063));
#2112=CARTESIAN_POINT('Ctrl Pts',(114.195766035987,2.2,7.16068741885063));
#2113=CARTESIAN_POINT('Ctrl Pts',(113.862242257848,0.,6.92246345766038));
#2114=CARTESIAN_POINT('Ctrl Pts',(113.862242257848,2.2,6.92246345766038));
#2115=CARTESIAN_POINT('Ctrl Pts',(113.504887643318,0.,6.6870263468818));
#2116=CARTESIAN_POINT('Ctrl Pts',(113.504887643318,2.2,6.6870263468818));
#2117=CARTESIAN_POINT('Ctrl Pts',(113.138091103573,0.,6.46790778676626));
#2118=CARTESIAN_POINT('Ctrl Pts',(113.138091103573,2.2,6.46790778676626));
#2119=CARTESIAN_POINT('Ctrl Pts',(112.7711022047,0.,6.275063574043));
#2120=CARTESIAN_POINT('Ctrl Pts',(112.7711022047,2.2,6.275063574043));
#2121=CARTESIAN_POINT('Ctrl Pts',(112.400224691028,0.,6.10689253479552));
#2122=CARTESIAN_POINT('Ctrl Pts',(112.400224691028,2.2,6.10689253479552));
#2123=CARTESIAN_POINT('Ctrl Pts',(112.013291239812,0.,5.95561975231928));
#2124=CARTESIAN_POINT('Ctrl Pts',(112.013291239812,2.2,5.95561975231928));
#2125=CARTESIAN_POINT('Ctrl Pts',(111.592801753024,0.,5.81108862678654));
#2126=CARTESIAN_POINT('Ctrl Pts',(111.592801753024,2.2,5.81108862678654));
#2127=CARTESIAN_POINT('Ctrl Pts',(111.12001119963,0.,5.66593204574411));
#2128=CARTESIAN_POINT('Ctrl Pts',(111.12001119963,2.2,5.66593204574411));
#2129=CARTESIAN_POINT('Ctrl Pts',(110.576833077163,0.,5.51712382347798));
#2130=CARTESIAN_POINT('Ctrl Pts',(110.576833077163,2.2,5.51712382347798));
#2131=CARTESIAN_POINT('Ctrl Pts',(109.945911919187,0.,5.36439051336108));
#2132=CARTESIAN_POINT('Ctrl Pts',(109.945911919187,2.2,5.36439051336108));
#2133=CARTESIAN_POINT('Ctrl Pts',(109.211210127371,0.,5.20945495198024));
#2134=CARTESIAN_POINT('Ctrl Pts',(109.211210127371,2.2,5.20945495198024));
#2135=CARTESIAN_POINT('Ctrl Pts',(108.358351535318,0.,5.05500712861885));
#2136=CARTESIAN_POINT('Ctrl Pts',(108.358351535318,2.2,5.05500712861885));
#2137=CARTESIAN_POINT('Ctrl Pts',(107.375180349843,0.,4.90364946311728));
#2138=CARTESIAN_POINT('Ctrl Pts',(107.375180349843,2.2,4.90364946311728));
#2139=CARTESIAN_POINT('Ctrl Pts',(106.251784317537,0.,4.75751215936284));
#2140=CARTESIAN_POINT('Ctrl Pts',(106.251784317537,2.2,4.75751215936284));
#2141=CARTESIAN_POINT('Ctrl Pts',(104.980191202707,0.,4.61840401279043));
#2142=CARTESIAN_POINT('Ctrl Pts',(104.980191202707,2.2,4.61840401279043));
#2143=CARTESIAN_POINT('Ctrl Pts',(103.55417146716,0.,4.48779981913697));
#2144=CARTESIAN_POINT('Ctrl Pts',(103.55417146716,2.2,4.48779981913697));
#2145=CARTESIAN_POINT('Ctrl Pts',(101.969009671924,0.,4.36689399157036));
#2146=CARTESIAN_POINT('Ctrl Pts',(101.969009671924,2.2,4.36689399157036));
#2147=CARTESIAN_POINT('Ctrl Pts',(100.221301369894,0.,4.25662441355952));
#2148=CARTESIAN_POINT('Ctrl Pts',(100.221301369894,2.2,4.25662441355952));
#2149=CARTESIAN_POINT('Ctrl Pts',(98.3087506293317,0.,4.15770778795598));
#2150=CARTESIAN_POINT('Ctrl Pts',(98.3087506293317,2.2,4.15770778795598));
#2151=CARTESIAN_POINT('Ctrl Pts',(96.2299783571717,0.,4.07066878622291));
#2152=CARTESIAN_POINT('Ctrl Pts',(96.2299783571717,2.2,4.07066878622291));
#2153=CARTESIAN_POINT('Ctrl Pts',(93.9843364874064,0.,3.99587069016071));
#2154=CARTESIAN_POINT('Ctrl Pts',(93.9843364874064,2.2,3.99587069016071));
#2155=CARTESIAN_POINT('Ctrl Pts',(91.5717295850338,0.,3.93354429238749));
#2156=CARTESIAN_POINT('Ctrl Pts',(91.5717295850338,2.2,3.93354429238749));
#2157=CARTESIAN_POINT('Ctrl Pts',(88.9924426157137,0.,3.88381653125763));
#2158=CARTESIAN_POINT('Ctrl Pts',(88.9924426157137,2.2,3.88381653125763));
#2159=CARTESIAN_POINT('Ctrl Pts',(86.2469748271285,0.,3.84673831212089));
#2160=CARTESIAN_POINT('Ctrl Pts',(86.2469748271285,2.2,3.84673831212089));
#2161=CARTESIAN_POINT('Ctrl Pts',(83.9180983169727,0.,3.8271971344411));
#2162=CARTESIAN_POINT('Ctrl Pts',(83.9180983169727,2.2,3.8271971344411));
#2163=CARTESIAN_POINT('Ctrl Pts',(82.0971115005848,0.,3.81822567315179));
#2164=CARTESIAN_POINT('Ctrl Pts',(82.0971115005848,2.2,3.81822567315179));
#2165=CARTESIAN_POINT('Ctrl Pts',(80.8501115419032,0.,3.81476907787056));
#2166=CARTESIAN_POINT('Ctrl Pts',(80.8501115419032,2.2,3.81476907787056));
#2167=CARTESIAN_POINT('Ctrl Pts',(80.2183593750001,0.,3.81367187500002));
#2168=CARTESIAN_POINT('Ctrl Pts',(80.2183593750001,2.2,3.81367187500002));
#2169=CARTESIAN_POINT('',(116.863735253964,2.2,12.402398694306));
#2170=CARTESIAN_POINT('Ctrl Pts',(116.863735253964,2.2,12.402398694306));
#2171=CARTESIAN_POINT('Ctrl Pts',(116.859223093007,2.2,12.3696052271397));
#2172=CARTESIAN_POINT('Ctrl Pts',(116.840355143874,2.2,12.2347524198356));
#2173=CARTESIAN_POINT('Ctrl Pts',(116.805039495994,2.2,11.9982898455016));
#2174=CARTESIAN_POINT('Ctrl Pts',(116.749846409615,2.2,11.6644017720307));
#2175=CARTESIAN_POINT('Ctrl Pts',(116.671685093866,2.2,11.2491050805627));
#2176=CARTESIAN_POINT('Ctrl Pts',(116.573910710203,2.2,10.8089853532696));
#2177=CARTESIAN_POINT('Ctrl Pts',(116.465246551679,2.2,10.4104147090666));
#2178=CARTESIAN_POINT('Ctrl Pts',(116.335349381615,2.2,10.0366995684348));
#2179=CARTESIAN_POINT('Ctrl Pts',(116.173539926214,2.2,9.66639649084578));
#2180=CARTESIAN_POINT('Ctrl Pts',(115.973675797839,2.2,9.2833169862341));
#2181=CARTESIAN_POINT('Ctrl Pts',(115.741658595965,2.2,8.89122950559335));
#2182=CARTESIAN_POINT('Ctrl Pts',(115.493160499524,2.2,8.51152400820723));
#2183=CARTESIAN_POINT('Ctrl Pts',(115.243637012844,2.2,8.16768631634734));
#2184=CARTESIAN_POINT('Ctrl Pts',(115.001303100327,2.2,7.87457897900201));
#2185=CARTESIAN_POINT('Ctrl Pts',(114.757099088568,2.2,7.62333155783467));
#2186=CARTESIAN_POINT('Ctrl Pts',(114.493729020258,2.2,7.39245910496746));
#2187=CARTESIAN_POINT('Ctrl Pts',(114.195766035987,2.2,7.16068741885063));
#2188=CARTESIAN_POINT('Ctrl Pts',(113.862242257848,2.2,6.92246345766038));
#2189=CARTESIAN_POINT('Ctrl Pts',(113.504887643318,2.2,6.6870263468818));
#2190=CARTESIAN_POINT('Ctrl Pts',(113.138091103573,2.2,6.46790778676626));
#2191=CARTESIAN_POINT('Ctrl Pts',(112.7711022047,2.2,6.275063574043));
#2192=CARTESIAN_POINT('Ctrl Pts',(112.400224691028,2.2,6.10689253479552));
#2193=CARTESIAN_POINT('Ctrl Pts',(112.013291239812,2.2,5.95561975231928));
#2194=CARTESIAN_POINT('Ctrl Pts',(111.592801753024,2.2,5.81108862678654));
#2195=CARTESIAN_POINT('Ctrl Pts',(111.12001119963,2.2,5.66593204574411));
#2196=CARTESIAN_POINT('Ctrl Pts',(110.576833077163,2.2,5.51712382347798));
#2197=CARTESIAN_POINT('Ctrl Pts',(109.945911919187,2.2,5.36439051336108));
#2198=CARTESIAN_POINT('Ctrl Pts',(109.211210127371,2.2,5.20945495198024));
#2199=CARTESIAN_POINT('Ctrl Pts',(108.358351535318,2.2,5.05500712861885));
#2200=CARTESIAN_POINT('Ctrl Pts',(107.375180349843,2.2,4.90364946311728));
#2201=CARTESIAN_POINT('Ctrl Pts',(106.251784317537,2.2,4.75751215936284));
#2202=CARTESIAN_POINT('Ctrl Pts',(104.980191202707,2.2,4.61840401279043));
#2203=CARTESIAN_POINT('Ctrl Pts',(103.55417146716,2.2,4.48779981913697));
#2204=CARTESIAN_POINT('Ctrl Pts',(101.969009671924,2.2,4.36689399157036));
#2205=CARTESIAN_POINT('Ctrl Pts',(100.221301369894,2.2,4.25662441355952));
#2206=CARTESIAN_POINT('Ctrl Pts',(98.3087506293317,2.2,4.15770778795598));
#2207=CARTESIAN_POINT('Ctrl Pts',(96.2299783571717,2.2,4.07066878622291));
#2208=CARTESIAN_POINT('Ctrl Pts',(93.9843364874064,2.2,3.99587069016071));
#2209=CARTESIAN_POINT('Ctrl Pts',(91.5717295850338,2.2,3.93354429238749));
#2210=CARTESIAN_POINT('Ctrl Pts',(88.9924426157137,2.2,3.88381653125763));
#2211=CARTESIAN_POINT('Ctrl Pts',(86.2469748271285,2.2,3.84673831212089));
#2212=CARTESIAN_POINT('Ctrl Pts',(83.9180983169727,2.2,3.8271971344411));
#2213=CARTESIAN_POINT('Ctrl Pts',(82.0971115005848,2.2,3.81822567315179));
#2214=CARTESIAN_POINT('Ctrl Pts',(80.8501115419032,2.2,3.81476907787056));
#2215=CARTESIAN_POINT('Ctrl Pts',(80.2183593750001,2.2,3.81367187500002));
#2216=CARTESIAN_POINT('',(116.863735253964,0.,12.402398694306));
#2217=CARTESIAN_POINT('Origin',(116.97890625,0.,40.48125));
#2218=CARTESIAN_POINT('',(116.97890625,2.2,40.48125));
#2219=CARTESIAN_POINT('',(116.97890625,2.2,40.48125));
#2220=CARTESIAN_POINT('',(116.97890625,0.,40.48125));
#2221=CARTESIAN_POINT('Origin',(116.97890625,0.,147.93515625));
#2222=CARTESIAN_POINT('',(116.97890625,2.2,147.93515625));
#2223=CARTESIAN_POINT('Origin',(80.2129912807422,2.2,80.8215316810851));
#2224=UNCERTAINTY_MEASURE_WITH_UNIT(LENGTH_MEASURE(0.01),#2230,
'DISTANCE_ACCURACY_VALUE',
'Maximum model space distance between geometric entities at asserted c
onnectivities');
#2225=UNCERTAINTY_MEASURE_WITH_UNIT(LENGTH_MEASURE(0.01),#2230,
'DISTANCE_ACCURACY_VALUE',
'Maximum model space distance between geometric entities at asserted c
onnectivities');
#2226=(
GEOMETRIC_REPRESENTATION_CONTEXT(3)
GLOBAL_UNCERTAINTY_ASSIGNED_CONTEXT((#2224))
GLOBAL_UNIT_ASSIGNED_CONTEXT((#2230,#2229,#2228))
REPRESENTATION_CONTEXT('','3D')
);
#2227=(
GEOMETRIC_REPRESENTATION_CONTEXT(3)
GLOBAL_UNCERTAINTY_ASSIGNED_CONTEXT((#2225))
GLOBAL_UNIT_ASSIGNED_CONTEXT((#2230,#2229,#2228))
REPRESENTATION_CONTEXT('','3D')
);
#2228=(
NAMED_UNIT(*)
SI_UNIT($,.STERADIAN.)
SOLID_ANGLE_UNIT()
);
#2229=(
NAMED_UNIT(*)
PLANE_ANGLE_UNIT()
SI_UNIT($,.RADIAN.)
);
#2230=(
LENGTH_UNIT()
NAMED_UNIT(*)
SI_UNIT(.MILLI.,.METRE.)
);
#2231=SHAPE_DEFINITION_REPRESENTATION(#2232,#2233);
#2232=PRODUCT_DEFINITION_SHAPE('',$,#2235);
#2233=SHAPE_REPRESENTATION('',(#421),#2226);
#2234=PRODUCT_DEFINITION_CONTEXT('part definition',#2239,'design');
#2235=PRODUCT_DEFINITION('MotoShell v4 -tf v12','MotoShell v4 -tf v12',
#2236,#2234);
#2236=PRODUCT_DEFINITION_FORMATION('',$,#2241);
#2237=PRODUCT_RELATED_PRODUCT_CATEGORY('MotoShell v4 -tf v12',
'MotoShell v4 -tf v12',(#2241));
#2238=APPLICATION_PROTOCOL_DEFINITION('international standard',
'automotive_design',2009,#2239);
#2239=APPLICATION_CONTEXT(
'Core Data for Automotive Mechanical Design Process');
#2240=PRODUCT_CONTEXT('part definition',#2239,'mechanical');
#2241=PRODUCT('MotoShell v4 -tf v12','MotoShell v4 -tf v12',$,(#2240));
#2242=PRESENTATION_STYLE_ASSIGNMENT((#2244));
#2243=PRESENTATION_STYLE_ASSIGNMENT((#2245));
#2244=SURFACE_STYLE_USAGE(.BOTH.,#2246);
#2245=SURFACE_STYLE_USAGE(.BOTH.,#2247);
#2246=SURFACE_SIDE_STYLE('',(#2248));
#2247=SURFACE_SIDE_STYLE('',(#2249));
#2248=SURFACE_STYLE_FILL_AREA(#2250);
#2249=SURFACE_STYLE_FILL_AREA(#2251);
#2250=FILL_AREA_STYLE('Plastic - Glossy (Red)',(#2252));
#2251=FILL_AREA_STYLE('Plastic - Glossy (White)',(#2253));
#2252=FILL_AREA_STYLE_COLOUR('Plastic - Glossy (Red)',#2254);
#2253=FILL_AREA_STYLE_COLOUR('Plastic - Glossy (White)',#2255);
#2254=COLOUR_RGB('Plastic - Glossy (Red)',0.768627450980392,0.207843137254902,
0.152941176470588);
#2255=COLOUR_RGB('Plastic - Glossy (White)',0.964705882352941,0.964705882352941,
0.952941176470588);
ENDSEC;
END-ISO-10303-21;
